year,colour,rgb,is_trans,total
1950,White,#FFFFFF,FALSE,23
1950,Red,#C91A09,FALSE,12
1950,Yellow,#F2CD37,FALSE,12
1950,Blue,#0055BF,FALSE,6
1950,Green,#237841,FALSE,6
1950,Bright Green,#4B9F4A,FALSE,4
1950,Light Green,#C2DAB8,FALSE,2
1950,Medium Blue,#5A93DB,FALSE,2
1950,Medium Orange,#FFA70B,FALSE,2
1950,Trans-Clear,#FCFCFC,TRUE,2
1953,White,#FFFFFF,FALSE,23
1953,Red,#C91A09,FALSE,16
1953,Green,#237841,FALSE,13
1953,Yellow,#F2CD37,FALSE,13
1953,Blue,#0055BF,FALSE,1
1954,Red,#C91A09,FALSE,69
1954,White,#FFFFFF,FALSE,68
1954,Yellow,#F2CD37,FALSE,16
1954,Blue,#0055BF,FALSE,13
1954,Green,#237841,FALSE,4
1954,Trans-Clear,#FCFCFC,TRUE,2
1954,Light Gray,#9BA19D,FALSE,1
1955,White,#FFFFFF,FALSE,368
1955,Red,#C91A09,FALSE,250
1955,Blue,#0055BF,FALSE,185
1955,Yellow,#F2CD37,FALSE,185
1955,Trans-Clear,#FCFCFC,TRUE,43
1955,Green,#237841,FALSE,6
1955,[No Color],#05131D,FALSE,1
1956,White,#FFFFFF,FALSE,143
1956,Red,#C91A09,FALSE,63
1956,Trans-Clear,#FCFCFC,TRUE,9
1956,Royal Blue,#4C61DB,FALSE,6
1956,[No Color],#05131D,FALSE,1
1957,White,#FFFFFF,FALSE,474
1957,Red,#C91A09,FALSE,246
1957,Blue,#0055BF,FALSE,64
1957,Trans-Clear,#FCFCFC,TRUE,55
1957,Black,#05131D,FALSE,24
1957,Yellow,#F2CD37,FALSE,20
1957,Green,#237841,FALSE,4
1957,Royal Blue,#4C61DB,FALSE,3
1957,Light Gray,#9BA19D,FALSE,2
1957,Metallic Silver,#A5A9B4,FALSE,2
1957,[No Color],#05131D,FALSE,1
1958,White,#FFFFFF,FALSE,711
1958,Red,#C91A09,FALSE,299
1958,Blue,#0055BF,FALSE,250
1958,Trans-Clear,#FCFCFC,TRUE,208
1958,Black,#05131D,FALSE,201
1958,Yellow,#F2CD37,FALSE,179
1958,Metallic Silver,#A5A9B4,FALSE,10
1958,Green,#237841,FALSE,8
1958,Royal Blue,#4C61DB,FALSE,6
1959,Red,#C91A09,FALSE,27
1959,Blue,#0055BF,FALSE,23
1959,Yellow,#F2CD37,FALSE,6
1959,Light Gray,#9BA19D,FALSE,4
1959,Trans-Clear,#FCFCFC,TRUE,2
1959,White,#FFFFFF,FALSE,2
1959,Royal Blue,#4C61DB,FALSE,1
1960,White,#FFFFFF,FALSE,237
1960,Red,#C91A09,FALSE,160
1960,Blue,#0055BF,FALSE,50
1960,Yellow,#F2CD37,FALSE,30
1960,Trans-Clear,#FCFCFC,TRUE,26
1960,Black,#05131D,FALSE,20
1960,Green,#237841,FALSE,2
1960,[No Color],#05131D,FALSE,1
1961,White,#FFFFFF,FALSE,622
1961,Red,#C91A09,FALSE,303
1961,Trans-Clear,#FCFCFC,TRUE,140
1961,Blue,#0055BF,FALSE,103
1961,Yellow,#F2CD37,FALSE,28
1961,Green,#237841,FALSE,10
1961,Royal Blue,#4C61DB,FALSE,5
1961,[No Color],#05131D,FALSE,1
1961,Black,#05131D,FALSE,1
1961,Light Gray,#9BA19D,FALSE,1
1961,Metallic Silver,#A5A9B4,FALSE,1
1962,White,#FFFFFF,FALSE,757
1962,Trans-Clear,#FCFCFC,TRUE,463
1962,Red,#C91A09,FALSE,448
1962,Blue,#0055BF,FALSE,376
1962,Black,#05131D,FALSE,349
1962,Yellow,#F2CD37,FALSE,349
1962,Light Gray,#9BA19D,FALSE,337
1962,Green,#237841,FALSE,184
1962,Royal Blue,#4C61DB,FALSE,6
1962,Metallic Silver,#A5A9B4,FALSE,1
1963,Red,#C91A09,FALSE,197
1963,White,#FFFFFF,FALSE,139
1963,Light Gray,#9BA19D,FALSE,74
1963,Blue,#0055BF,FALSE,68
1963,Trans-Clear,#FCFCFC,TRUE,61
1963,Black,#05131D,FALSE,58
1963,Milky White,#FFFFFF,FALSE,3
1964,Red,#C91A09,FALSE,298
1964,Blue,#0055BF,FALSE,225
1964,White,#FFFFFF,FALSE,122
1964,Light Gray,#9BA19D,FALSE,99
1964,Black,#05131D,FALSE,82
1964,Trans-Clear,#FCFCFC,TRUE,47
1964,Yellow,#F2CD37,FALSE,24
1964,Green,#237841,FALSE,8
1964,Milky White,#FFFFFF,FALSE,4
1965,White,#FFFFFF,FALSE,255
1965,Red,#C91A09,FALSE,247
1965,Black,#05131D,FALSE,168
1965,Blue,#0055BF,FALSE,138
1965,Yellow,#F2CD37,FALSE,107
1965,Trans-Clear,#FCFCFC,TRUE,86
1965,Light Gray,#9BA19D,FALSE,68
1965,[No Color],#05131D,FALSE,1
1965,Milky White,#FFFFFF,FALSE,1
1966,White,#FFFFFF,FALSE,966
1966,Blue,#0055BF,FALSE,862
1966,Red,#C91A09,FALSE,860
1966,Yellow,#F2CD37,FALSE,282
1966,Trans-Clear,#FCFCFC,TRUE,264
1966,Black,#05131D,FALSE,225
1966,Light Gray,#9BA19D,FALSE,224
1966,Green,#237841,FALSE,16
1966,Milky White,#FFFFFF,FALSE,2
1966,Royal Blue,#4C61DB,FALSE,1
1967,Red,#C91A09,FALSE,548
1967,Blue,#0055BF,FALSE,437
1967,Black,#05131D,FALSE,310
1967,White,#FFFFFF,FALSE,282
1967,Yellow,#F2CD37,FALSE,203
1967,Light Gray,#9BA19D,FALSE,200
1967,Trans-Clear,#FCFCFC,TRUE,80
1967,Green,#237841,FALSE,10
1967,[No Color],#05131D,FALSE,1
1968,Red,#C91A09,FALSE,1062
1968,White,#FFFFFF,FALSE,728
1968,Black,#05131D,FALSE,448
1968,Yellow,#F2CD37,FALSE,369
1968,Blue,#0055BF,FALSE,285
1968,Light Gray,#9BA19D,FALSE,147
1968,Trans-Clear,#FCFCFC,TRUE,131
1968,Green,#237841,FALSE,8
1968,Milky White,#FFFFFF,FALSE,1
1969,Red,#C91A09,FALSE,1273
1969,White,#FFFFFF,FALSE,840
1969,Black,#05131D,FALSE,805
1969,Blue,#0055BF,FALSE,647
1969,Yellow,#F2CD37,FALSE,354
1969,Light Gray,#9BA19D,FALSE,255
1969,Trans-Clear,#FCFCFC,TRUE,247
1969,Green,#237841,FALSE,22
1969,[No Color],#05131D,FALSE,6
1969,Milky White,#FFFFFF,FALSE,2
1969,Trans-Green,#84B68D,TRUE,2
1969,Trans-Red,#C91A09,TRUE,2
1969,Trans-Yellow,#F5CD2F,TRUE,2
1969,Royal Blue,#4C61DB,FALSE,1
1970,Red,#C91A09,FALSE,815
1970,White,#FFFFFF,FALSE,518
1970,Black,#05131D,FALSE,337
1970,Yellow,#F2CD37,FALSE,312
1970,Blue,#0055BF,FALSE,129
1970,Green,#237841,FALSE,124
1970,Light Gray,#9BA19D,FALSE,122
1970,Trans-Clear,#FCFCFC,TRUE,75
1970,Milky White,#FFFFFF,FALSE,21
1970,Metallic Silver,#A5A9B4,FALSE,6
1970,[No Color],#05131D,FALSE,1
1971,Red,#C91A09,FALSE,860
1971,White,#FFFFFF,FALSE,629
1971,Black,#05131D,FALSE,576
1971,Yellow,#F2CD37,FALSE,338
1971,Blue,#0055BF,FALSE,324
1971,Trans-Clear,#FCFCFC,TRUE,108
1971,Green,#237841,FALSE,95
1971,Light Gray,#9BA19D,FALSE,80
1972,Red,#C91A09,FALSE,1053
1972,Blue,#0055BF,FALSE,722
1972,White,#FFFFFF,FALSE,649
1972,Black,#05131D,FALSE,645
1972,Yellow,#F2CD37,FALSE,586
1972,Light Gray,#9BA19D,FALSE,142
1972,Trans-Clear,#FCFCFC,TRUE,75
1972,Milky White,#FFFFFF,FALSE,18
1972,Green,#237841,FALSE,13
1972,[No Color],#05131D,FALSE,2
1972,Royal Blue,#4C61DB,FALSE,2
1973,Red,#C91A09,FALSE,2134
1973,White,#FFFFFF,FALSE,1646
1973,Blue,#0055BF,FALSE,1040
1973,Black,#05131D,FALSE,980
1973,Yellow,#F2CD37,FALSE,830
1973,Trans-Clear,#FCFCFC,TRUE,214
1973,Light Gray,#9BA19D,FALSE,128
1973,Green,#237841,FALSE,54
1973,Milky White,#FFFFFF,FALSE,2
1973,[No Color],#05131D,FALSE,1
1974,Red,#C91A09,FALSE,1169
1974,White,#FFFFFF,FALSE,849
1974,Black,#05131D,FALSE,839
1974,Yellow,#F2CD37,FALSE,701
1974,Blue,#0055BF,FALSE,551
1974,Light Gray,#9BA19D,FALSE,209
1974,Trans-Clear,#FCFCFC,TRUE,183
1974,Milky White,#FFFFFF,FALSE,29
1974,Green,#237841,FALSE,13
1974,Metallic Silver,#A5A9B4,FALSE,12
1974,Brown,#583927,FALSE,8
1974,Maersk Blue,#3592C3,FALSE,7
1974,[No Color],#05131D,FALSE,3
1975,Red,#C91A09,FALSE,1307
1975,Black,#05131D,FALSE,1164
1975,Blue,#0055BF,FALSE,928
1975,Yellow,#F2CD37,FALSE,684
1975,White,#FFFFFF,FALSE,459
1975,Trans-Clear,#FCFCFC,TRUE,119
1975,Light Gray,#9BA19D,FALSE,118
1975,Green,#237841,FALSE,17
1975,Milky White,#FFFFFF,FALSE,10
1975,Brown,#583927,FALSE,5
1975,Royal Blue,#4C61DB,FALSE,2
1976,Black,#05131D,FALSE,2567
1976,Red,#C91A09,FALSE,2286
1976,White,#FFFFFF,FALSE,1704
1976,Blue,#0055BF,FALSE,1676
1976,Yellow,#F2CD37,FALSE,1535
1976,Light Gray,#9BA19D,FALSE,288
1976,Trans-Clear,#FCFCFC,TRUE,253
1976,Green,#237841,FALSE,47
1976,Milky White,#FFFFFF,FALSE,34
1976,Brown,#583927,FALSE,14
1976,[No Color],#05131D,FALSE,3
1976,Trans-Red,#C91A09,TRUE,2
1976,Royal Blue,#4C61DB,FALSE,1
1977,Red,#C91A09,FALSE,1762
1977,Black,#05131D,FALSE,1685
1977,Yellow,#F2CD37,FALSE,1537
1977,Blue,#0055BF,FALSE,1259
1977,White,#FFFFFF,FALSE,1037
1977,Light Gray,#9BA19D,FALSE,707
1977,Trans-Clear,#FCFCFC,TRUE,405
1977,Green,#237841,FALSE,29
1977,Milky White,#FFFFFF,FALSE,10
1977,[No Color],#05131D,FALSE,9
1977,Brown,#583927,FALSE,6
1977,Chrome Silver,#E0E0E0,FALSE,2
1978,Red,#C91A09,FALSE,2409
1978,Black,#05131D,FALSE,2224
1978,Yellow,#F2CD37,FALSE,2105
1978,White,#FFFFFF,FALSE,1477
1978,Light Gray,#9BA19D,FALSE,1292
1978,Blue,#0055BF,FALSE,837
1978,Trans-Clear,#FCFCFC,TRUE,214
1978,Green,#237841,FALSE,92
1978,Brown,#583927,FALSE,38
1978,Trans-Dark Blue,#0020A0,TRUE,19
1978,[No Color],#05131D,FALSE,15
1978,Trans-Green,#84B68D,TRUE,11
1978,Trans-Red,#C91A09,TRUE,11
1978,Dark Gray,#6D6E5C,FALSE,8
1978,Milky White,#FFFFFF,FALSE,5
1978,Trans-Yellow,#F5CD2F,TRUE,4
1979,Light Gray,#9BA19D,FALSE,1803
1979,Yellow,#F2CD37,FALSE,1560
1979,Blue,#0055BF,FALSE,1364
1979,Black,#05131D,FALSE,1290
1979,Red,#C91A09,FALSE,1121
1979,White,#FFFFFF,FALSE,1090
1979,Trans-Yellow,#F5CD2F,TRUE,101
1979,Trans-Red,#C91A09,TRUE,84
1979,Trans-Clear,#FCFCFC,TRUE,82
1979,Green,#237841,FALSE,54
1979,Trans-Green,#84B68D,TRUE,36
1979,[No Color],#05131D,FALSE,30
1979,Trans-Dark Blue,#0020A0,TRUE,24
1979,Brown,#583927,FALSE,20
1979,Dark Gray,#6D6E5C,FALSE,8
1979,Unknown,#0033B2,FALSE,2
1980,Black,#05131D,FALSE,2843
1980,Light Gray,#9BA19D,FALSE,2090
1980,Red,#C91A09,FALSE,1943
1980,Yellow,#F2CD37,FALSE,1336
1980,Blue,#0055BF,FALSE,1325
1980,White,#FFFFFF,FALSE,825
1980,Dark Gray,#6D6E5C,FALSE,251
1980,Trans-Clear,#FCFCFC,TRUE,174
1980,Maersk Blue,#3592C3,FALSE,116
1980,Trans-Yellow,#F5CD2F,TRUE,84
1980,Trans-Red,#C91A09,TRUE,71
1980,Green,#237841,FALSE,49
1980,Trans-Green,#84B68D,TRUE,20
1980,Trans-Dark Blue,#0020A0,TRUE,18
1980,[No Color],#05131D,FALSE,16
1980,Brown,#583927,FALSE,14
1980,Royal Blue,#4C61DB,FALSE,1
1981,Black,#05131D,FALSE,1413
1981,Red,#C91A09,FALSE,1390
1981,Yellow,#F2CD37,FALSE,1301
1981,Light Gray,#9BA19D,FALSE,1213
1981,White,#FFFFFF,FALSE,918
1981,Blue,#0055BF,FALSE,615
1981,Trans-Clear,#FCFCFC,TRUE,143
1981,Green,#237841,FALSE,114
1981,Trans-Red,#C91A09,TRUE,70
1981,Dark Gray,#6D6E5C,FALSE,43
1981,Trans-Yellow,#F5CD2F,TRUE,43
1981,Trans-Dark Blue,#0020A0,TRUE,31
1981,Trans-Green,#84B68D,TRUE,20
1981,[No Color],#05131D,FALSE,16
1981,Brown,#583927,FALSE,10
1981,Milky White,#FFFFFF,FALSE,2
1981,Royal Blue,#4C61DB,FALSE,1
1982,Black,#05131D,FALSE,1051
1982,Red,#C91A09,FALSE,1037
1982,Yellow,#F2CD37,FALSE,956
1982,White,#FFFFFF,FALSE,779
1982,Light Gray,#9BA19D,FALSE,753
1982,Blue,#0055BF,FALSE,586
1982,Trans-Clear,#FCFCFC,TRUE,54
1982,Green,#237841,FALSE,53
1982,Trans-Yellow,#F5CD2F,TRUE,39
1982,Trans-Red,#C91A09,TRUE,37
1982,Brown,#583927,FALSE,18
1982,[No Color],#05131D,FALSE,17
1982,Earth Orange,#FA9C1C,FALSE,12
1982,Dark Gray,#6D6E5C,FALSE,11
1982,Tan,#E4CD9E,FALSE,9
1982,Trans-Green,#84B68D,TRUE,9
1982,Fabuland Brown,#B67B50,FALSE,8
1982,Unknown,#0033B2,FALSE,6
1982,Trans-Dark Blue,#0020A0,TRUE,4
1982,Lime,#BBE90B,FALSE,2
1982,Milky White,#FFFFFF,FALSE,1
1983,Black,#05131D,FALSE,1647
1983,White,#FFFFFF,FALSE,1147
1983,Light Gray,#9BA19D,FALSE,1027
1983,Red,#C91A09,FALSE,998
1983,Yellow,#F2CD37,FALSE,681
1983,Blue,#0055BF,FALSE,662
1983,Trans-Clear,#FCFCFC,TRUE,123
1983,Trans-Red,#C91A09,TRUE,90
1983,Dark Gray,#6D6E5C,FALSE,76
1983,Green,#237841,FALSE,50
1983,Trans-Yellow,#F5CD2F,TRUE,35
1983,[No Color],#05131D,FALSE,30
1983,Trans-Dark Blue,#0020A0,TRUE,26
1983,Trans-Green,#84B68D,TRUE,20
1983,Brown,#583927,FALSE,12
1983,Earth Orange,#FA9C1C,FALSE,2
1983,Fabuland Brown,#B67B50,FALSE,2
1983,Unknown,#0033B2,FALSE,1
1984,Black,#05131D,FALSE,1899
1984,Light Gray,#9BA19D,FALSE,1492
1984,Blue,#0055BF,FALSE,1058
1984,Yellow,#F2CD37,FALSE,929
1984,Red,#C91A09,FALSE,760
1984,White,#FFFFFF,FALSE,595
1984,Trans-Red,#C91A09,TRUE,113
1984,Trans-Clear,#FCFCFC,TRUE,90
1984,Trans-Yellow,#F5CD2F,TRUE,86
1984,Brown,#583927,FALSE,68
1984,Green,#237841,FALSE,62
1984,Dark Gray,#6D6E5C,FALSE,57
1984,Trans-Green,#84B68D,TRUE,19
1984,[No Color],#05131D,FALSE,18
1984,Trans-Dark Blue,#0020A0,TRUE,8
1984,Fabuland Brown,#B67B50,FALSE,4
1984,Earth Orange,#FA9C1C,FALSE,1
1985,Black,#05131D,FALSE,3802
1985,Red,#C91A09,FALSE,3589
1985,Light Gray,#9BA19D,FALSE,2373
1985,Blue,#0055BF,FALSE,2122
1985,Yellow,#F2CD37,FALSE,1925
1985,White,#FFFFFF,FALSE,1764
1985,Trans-Clear,#FCFCFC,TRUE,377
1985,Green,#237841,FALSE,210
1985,Trans-Red,#C91A09,TRUE,189
1985,Dark Gray,#6D6E5C,FALSE,178
1985,Maersk Blue,#3592C3,FALSE,111
1985,Trans-Yellow,#F5CD2F,TRUE,101
1985,[No Color],#05131D,FALSE,89
1985,Brown,#583927,FALSE,60
1985,Trans-Light Blue,#AEEFEC,TRUE,39
1985,Trans-Green,#84B68D,TRUE,34
1985,Trans-Dark Blue,#0020A0,TRUE,32
1985,Fabuland Brown,#B67B50,FALSE,7
1985,Earth Orange,#FA9C1C,FALSE,3
1985,Milky White,#FFFFFF,FALSE,3
1985,Lime,#BBE90B,FALSE,1
1985,Royal Blue,#4C61DB,FALSE,1
1985,Unknown,#0033B2,FALSE,1
1986,Black,#05131D,FALSE,3265
1986,Light Gray,#9BA19D,FALSE,2861
1986,White,#FFFFFF,FALSE,2420
1986,Red,#C91A09,FALSE,1826
1986,Yellow,#F2CD37,FALSE,1507
1986,Blue,#0055BF,FALSE,1381
1986,Trans-Red,#C91A09,TRUE,230
1986,Trans-Yellow,#F5CD2F,TRUE,150
1986,Green,#237841,FALSE,136
1986,Trans-Clear,#FCFCFC,TRUE,128
1986,Brown,#583927,FALSE,46
1986,Trans-Green,#84B68D,TRUE,44
1986,[No Color],#05131D,FALSE,28
1986,Dark Gray,#6D6E5C,FALSE,27
1986,Trans-Dark Blue,#0020A0,TRUE,26
1986,Trans-Light Blue,#AEEFEC,TRUE,17
1986,Fabuland Brown,#B67B50,FALSE,2
1986,Unknown,#0033B2,FALSE,2
1986,Earth Orange,#FA9C1C,FALSE,1
1987,Black,#05131D,FALSE,3604
1987,White,#FFFFFF,FALSE,2719
1987,Red,#C91A09,FALSE,2425
1987,Yellow,#F2CD37,FALSE,1758
1987,Light Gray,#9BA19D,FALSE,1697
1987,Blue,#0055BF,FALSE,1520
1987,Trans-Red,#C91A09,TRUE,212
1987,Trans-Clear,#FCFCFC,TRUE,189
1987,Green,#237841,FALSE,177
1987,Trans-Yellow,#F5CD2F,TRUE,87
1987,Brown,#583927,FALSE,73
1987,Trans-Dark Blue,#0020A0,TRUE,63
1987,[No Color],#05131D,FALSE,37
1987,Trans-Light Blue,#AEEFEC,TRUE,36
1987,Trans-Green,#84B68D,TRUE,35
1987,Dark Gray,#6D6E5C,FALSE,29
1987,Fabuland Brown,#B67B50,FALSE,15
1987,Earth Orange,#FA9C1C,FALSE,3
1987,Unknown,#0033B2,FALSE,2
1987,Milky White,#FFFFFF,FALSE,1
1988,Black,#05131D,FALSE,3154
1988,White,#FFFFFF,FALSE,1899
1988,Light Gray,#9BA19D,FALSE,1288
1988,Yellow,#F2CD37,FALSE,1248
1988,Red,#C91A09,FALSE,987
1988,Blue,#0055BF,FALSE,483
1988,Trans-Red,#C91A09,TRUE,239
1988,Green,#237841,FALSE,93
1988,Trans-Clear,#FCFCFC,TRUE,88
1988,Trans-Dark Blue,#0020A0,TRUE,88
1988,Trans-Yellow,#F5CD2F,TRUE,77
1988,Brown,#583927,FALSE,72
1988,Dark Gray,#6D6E5C,FALSE,41
1988,Trans-Light Blue,#AEEFEC,TRUE,35
1988,[No Color],#05131D,FALSE,33
1988,Trans-Green,#84B68D,TRUE,20
1988,Medium Blue,#5A93DB,FALSE,9
1988,Trans-Neon Green,#F8F184,TRUE,4
1988,Fabuland Brown,#B67B50,FALSE,3
1988,Unknown,#0033B2,FALSE,1
1989,Black,#05131D,FALSE,3273
1989,White,#FFFFFF,FALSE,1771
1989,Yellow,#F2CD37,FALSE,1550
1989,Light Gray,#9BA19D,FALSE,1471
1989,Red,#C91A09,FALSE,1345
1989,Blue,#0055BF,FALSE,1183
1989,Brown,#583927,FALSE,254
1989,Trans-Red,#C91A09,TRUE,228
1989,Green,#237841,FALSE,142
1989,Trans-Clear,#FCFCFC,TRUE,117
1989,Trans-Yellow,#F5CD2F,TRUE,104
1989,Dark Gray,#6D6E5C,FALSE,100
1989,Chrome Gold,#BBA53D,FALSE,64
1989,Trans-Light Blue,#AEEFEC,TRUE,57
1989,Trans-Dark Blue,#0020A0,TRUE,41
1989,Trans-Green,#84B68D,TRUE,15
1989,[No Color],#05131D,FALSE,13
1989,Milky White,#FFFFFF,FALSE,2
1989,Royal Blue,#4C61DB,FALSE,2
1989,Unknown,#0033B2,FALSE,1
1990,Black,#05131D,FALSE,4006
1990,Red,#C91A09,FALSE,3461
1990,White,#FFFFFF,FALSE,2801
1990,Light Gray,#9BA19D,FALSE,2575
1990,Yellow,#F2CD37,FALSE,1719
1990,Blue,#0055BF,FALSE,1535
1990,Green,#237841,FALSE,211
1990,Trans-Clear,#FCFCFC,TRUE,172
1990,Trans-Light Blue,#AEEFEC,TRUE,145
1990,Trans-Red,#C91A09,TRUE,138
1990,Trans-Yellow,#F5CD2F,TRUE,130
1990,Brown,#583927,FALSE,100
1990,Trans-Neon Green,#F8F184,TRUE,100
1990,Dark Gray,#6D6E5C,FALSE,75
1990,Trans-Dark Blue,#0020A0,TRUE,54
1990,Trans-Green,#84B68D,TRUE,23
1990,[No Color],#05131D,FALSE,18
1990,Chrome Gold,#BBA53D,FALSE,8
1990,Royal Blue,#4C61DB,FALSE,4
1990,Glow In Dark Opaque,#D4D5C9,FALSE,2
1991,Black,#05131D,FALSE,4185
1991,Red,#C91A09,FALSE,3199
1991,White,#FFFFFF,FALSE,3143
1991,Light Gray,#9BA19D,FALSE,2432
1991,Yellow,#F2CD37,FALSE,2326
1991,Blue,#0055BF,FALSE,949
1991,Trans-Clear,#FCFCFC,TRUE,303
1991,Trans-Yellow,#F5CD2F,TRUE,172
1991,Trans-Light Blue,#AEEFEC,TRUE,170
1991,Dark Gray,#6D6E5C,FALSE,167
1991,Trans-Neon Green,#F8F184,TRUE,155
1991,Trans-Red,#C91A09,TRUE,148
1991,Brown,#583927,FALSE,126
1991,Green,#237841,FALSE,94
1991,Trans-Dark Blue,#0020A0,TRUE,70
1991,Trans-Green,#84B68D,TRUE,33
1991,[No Color],#05131D,FALSE,21
1991,Chrome Gold,#BBA53D,FALSE,12
1991,Pink,#FC97AC,FALSE,3
1991,Medium Blue,#5A93DB,FALSE,2
1991,Royal Blue,#4C61DB,FALSE,2
1992,Black,#05131D,FALSE,3938
1992,Light Gray,#9BA19D,FALSE,2893
1992,White,#FFFFFF,FALSE,2161
1992,Red,#C91A09,FALSE,1601
1992,Yellow,#F2CD37,FALSE,1263
1992,Blue,#0055BF,FALSE,727
1992,Brown,#583927,FALSE,226
1992,Green,#237841,FALSE,166
1992,Dark Gray,#6D6E5C,FALSE,145
1992,Trans-Yellow,#F5CD2F,TRUE,135
1992,Trans-Clear,#FCFCFC,TRUE,96
1992,Pink,#FC97AC,FALSE,94
1992,Trans-Dark Blue,#0020A0,TRUE,86
1992,Trans-Red,#C91A09,TRUE,77
1992,Trans-Light Blue,#AEEFEC,TRUE,56
1992,Trans-Green,#84B68D,TRUE,51
1992,Chrome Gold,#BBA53D,FALSE,36
1992,[No Color],#05131D,FALSE,18
1992,Milky White,#FFFFFF,FALSE,16
1992,Trans-Neon Green,#F8F184,TRUE,11
1992,Medium Blue,#5A93DB,FALSE,9
1992,Tan,#E4CD9E,FALSE,6
1992,Light Green,#C2DAB8,FALSE,5
1992,Glow In Dark Opaque,#D4D5C9,FALSE,3
1993,Black,#05131D,FALSE,4568
1993,White,#FFFFFF,FALSE,2799
1993,Light Gray,#9BA19D,FALSE,2693
1993,Red,#C91A09,FALSE,1994
1993,Yellow,#F2CD37,FALSE,1450
1993,Blue,#0055BF,FALSE,1188
1993,Brown,#583927,FALSE,258
1993,Green,#237841,FALSE,238
1993,Trans-Clear,#FCFCFC,TRUE,180
1993,Trans-Neon Orange,#FF800D,TRUE,173
1993,Dark Gray,#6D6E5C,FALSE,154
1993,Trans-Yellow,#F5CD2F,TRUE,141
1993,Trans-Red,#C91A09,TRUE,140
1993,Trans-Light Blue,#AEEFEC,TRUE,100
1993,Bright Green,#4B9F4A,FALSE,98
1993,Pink,#FC97AC,FALSE,70
1993,Trans-Green,#84B68D,TRUE,55
1993,Chrome Gold,#BBA53D,FALSE,49
1993,Trans-Dark Blue,#0020A0,TRUE,47
1993,Orange,#FE8A18,FALSE,41
1993,Lime,#BBE90B,FALSE,40
1993,Medium Blue,#5A93DB,FALSE,40
1993,Medium Dark Pink,#F785B1,FALSE,20
1993,[No Color],#05131D,FALSE,19
1993,Light Green,#C2DAB8,FALSE,10
1993,Glow In Dark Opaque,#D4D5C9,FALSE,6
1993,Bright Light Blue,#9FC3E9,FALSE,2
1993,Chrome Silver,#E0E0E0,FALSE,1
1993,Reddish Brown,#582A12,FALSE,1
1994,Black,#05131D,FALSE,5333
1994,Light Gray,#9BA19D,FALSE,3460
1994,Red,#C91A09,FALSE,2555
1994,White,#FFFFFF,FALSE,2326
1994,Yellow,#F2CD37,FALSE,1500
1994,Blue,#0055BF,FALSE,934
1994,Green,#237841,FALSE,248
1994,Dark Gray,#6D6E5C,FALSE,191
1994,Brown,#583927,FALSE,187
1994,Trans-Light Blue,#AEEFEC,TRUE,139
1994,Trans-Dark Blue,#0020A0,TRUE,132
1994,Trans-Yellow,#F5CD2F,TRUE,125
1994,Trans-Red,#C91A09,TRUE,121
1994,Trans-Clear,#FCFCFC,TRUE,110
1994,Dark Pink,#C870A0,FALSE,97
1994,Pink,#FC97AC,FALSE,76
1994,Trans-Neon Green,#F8F184,TRUE,66
1994,[No Color],#05131D,FALSE,49
1994,Chrome Gold,#BBA53D,FALSE,36
1994,Light Violet,#C9CAE2,FALSE,30
1994,Trans-Green,#84B68D,TRUE,26
1994,Trans-Neon Orange,#FF800D,TRUE,25
1994,Chrome Silver,#E0E0E0,FALSE,21
1994,Light Yellow,#FBE696,FALSE,21
1994,Medium Green,#73DCA1,FALSE,20
1994,Light Green,#C2DAB8,FALSE,10
1994,Unknown,#0033B2,FALSE,6
1994,Glow In Dark Opaque,#D4D5C9,FALSE,2
1994,Light Pink,#FECCCF,FALSE,1
1995,Black,#05131D,FALSE,5735
1995,Light Gray,#9BA19D,FALSE,4275
1995,White,#FFFFFF,FALSE,3130
1995,Red,#C91A09,FALSE,2982
1995,Yellow,#F2CD37,FALSE,2896
1995,Blue,#0055BF,FALSE,2397
1995,Green,#237841,FALSE,270
1995,Dark Gray,#6D6E5C,FALSE,264
1995,Brown,#583927,FALSE,190
1995,Trans-Yellow,#F5CD2F,TRUE,142
1995,Trans-Red,#C91A09,TRUE,132
1995,Trans-Dark Blue,#0020A0,TRUE,118
1995,Trans-Neon Green,#F8F184,TRUE,97
1995,Pink,#FC97AC,FALSE,92
1995,Trans-Neon Orange,#FF800D,TRUE,78
1995,Trans-Clear,#FCFCFC,TRUE,70
1995,Chrome Silver,#E0E0E0,FALSE,61
1995,Trans-Light Blue,#AEEFEC,TRUE,51
1995,Dark Pink,#C870A0,FALSE,46
1995,Chrome Gold,#BBA53D,FALSE,32
1995,[No Color],#05131D,FALSE,27
1995,Trans-Green,#84B68D,TRUE,23
1995,Maersk Blue,#3592C3,FALSE,20
1995,Light Violet,#C9CAE2,FALSE,14
1995,Medium Green,#73DCA1,FALSE,7
1995,Glow In Dark Opaque,#D4D5C9,FALSE,4
1995,Royal Blue,#4C61DB,FALSE,3
1995,Light Blue,#B4D2E3,FALSE,2
1995,Light Green,#C2DAB8,FALSE,2
1995,Light Pink,#FECCCF,FALSE,2
1995,Medium Blue,#5A93DB,FALSE,2
1995,Light Yellow,#FBE696,FALSE,1
1995,Unknown,#0033B2,FALSE,1
1996,Black,#05131D,FALSE,8022
1996,White,#FFFFFF,FALSE,5224
1996,Light Gray,#9BA19D,FALSE,4189
1996,Red,#C91A09,FALSE,3211
1996,Yellow,#F2CD37,FALSE,2956
1996,Blue,#0055BF,FALSE,2287
1996,Brown,#583927,FALSE,704
1996,Green,#237841,FALSE,600
1996,Dark Gray,#6D6E5C,FALSE,474
1996,Trans-Neon Green,#F8F184,TRUE,201
1996,Trans-Yellow,#F5CD2F,TRUE,192
1996,Trans-Red,#C91A09,TRUE,169
1996,Trans-Clear,#FCFCFC,TRUE,150
1996,Trans-Light Blue,#AEEFEC,TRUE,143
1996,Trans-Neon Orange,#FF800D,TRUE,131
1996,Dark Pink,#C870A0,FALSE,125
1996,Trans-Dark Blue,#0020A0,TRUE,102
1996,Chrome Silver,#E0E0E0,FALSE,79
1996,Chrome Gold,#BBA53D,FALSE,74
1996,Pink,#FC97AC,FALSE,65
1996,Trans-Green,#84B68D,TRUE,55
1996,[No Color],#05131D,FALSE,45
1996,Light Violet,#C9CAE2,FALSE,19
1996,Medium Green,#73DCA1,FALSE,19
1996,Light Yellow,#FBE696,FALSE,11
1996,Tan,#E4CD9E,FALSE,8
1996,Unknown,#0033B2,FALSE,4
1996,Bright Green,#4B9F4A,FALSE,3
1996,Glow In Dark Opaque,#D4D5C9,FALSE,2
1996,Light Green,#C2DAB8,FALSE,2
1996,Light Blue,#B4D2E3,FALSE,1
1996,Light Pink,#FECCCF,FALSE,1
1996,Purple,#81007B,FALSE,1
1996,Royal Blue,#4C61DB,FALSE,1
1997,Black,#05131D,FALSE,6582
1997,Light Gray,#9BA19D,FALSE,4724
1997,Red,#C91A09,FALSE,3059
1997,Yellow,#F2CD37,FALSE,3001
1997,White,#FFFFFF,FALSE,2623
1997,Blue,#0055BF,FALSE,1880
1997,Green,#237841,FALSE,797
1997,Dark Gray,#6D6E5C,FALSE,538
1997,Brown,#583927,FALSE,421
1997,Trans-Neon Green,#F8F184,TRUE,370
1997,Trans-Clear,#FCFCFC,TRUE,153
1997,Trans-Neon Orange,#FF800D,TRUE,143
1997,Trans-Red,#C91A09,TRUE,126
1997,[No Color],#05131D,FALSE,112
1997,Chrome Silver,#E0E0E0,FALSE,107
1997,Trans-Yellow,#F5CD2F,TRUE,96
1997,Chrome Gold,#BBA53D,FALSE,89
1997,Trans-Light Blue,#AEEFEC,TRUE,88
1997,Trans-Green,#84B68D,TRUE,72
1997,Dark Pink,#C870A0,FALSE,63
1997,Tan,#E4CD9E,FALSE,60
1997,Trans-Dark Blue,#0020A0,TRUE,56
1997,Pink,#FC97AC,FALSE,45
1997,Medium Green,#73DCA1,FALSE,21
1997,Light Yellow,#FBE696,FALSE,18
1997,Light Green,#C2DAB8,FALSE,10
1997,Bright Green,#4B9F4A,FALSE,8
1997,Light Salmon,#FEBABD,FALSE,7
1997,Light Violet,#C9CAE2,FALSE,7
1997,Rust,#B31004,FALSE,6
1997,Earth Orange,#FA9C1C,FALSE,4
1997,Glow In Dark Opaque,#D4D5C9,FALSE,4
1997,Unknown,#0033B2,FALSE,4
1997,Fabuland Brown,#B67B50,FALSE,2
1997,Milky White,#FFFFFF,FALSE,2
1997,Royal Blue,#4C61DB,FALSE,2
1997,Salmon,#F2705E,FALSE,2
1997,Metallic Gold,#DBAC34,FALSE,1
1997,Purple,#81007B,FALSE,1
1998,Black,#05131D,FALSE,12000
1998,Yellow,#F2CD37,FALSE,5797
1998,Red,#C91A09,FALSE,5583
1998,Light Gray,#9BA19D,FALSE,5158
1998,White,#FFFFFF,FALSE,5129
1998,Blue,#0055BF,FALSE,5064
1998,Green,#237841,FALSE,1929
1998,Dark Gray,#6D6E5C,FALSE,1771
1998,Brown,#583927,FALSE,471
1998,Dark Turquoise,#008F9B,FALSE,453
1998,Trans-Neon Green,#F8F184,TRUE,446
1998,Tan,#E4CD9E,FALSE,404
1998,Purple,#81007B,FALSE,299
1998,Trans-Clear,#FCFCFC,TRUE,202
1998,Trans-Red,#C91A09,TRUE,197
1998,Trans-Green,#84B68D,TRUE,191
1998,Chrome Silver,#E0E0E0,FALSE,159
1998,Trans-Yellow,#F5CD2F,TRUE,152
1998,Trans-Dark Blue,#0020A0,TRUE,134
1998,Orange,#FE8A18,FALSE,100
1998,Trans-Light Blue,#AEEFEC,TRUE,100
1998,Trans-Neon Orange,#FF800D,TRUE,92
1998,Dark Pink,#C870A0,FALSE,80
1998,[No Color],#05131D,FALSE,55
1998,Chrome Gold,#BBA53D,FALSE,53
1998,Bright Green,#4B9F4A,FALSE,42
1998,Medium Orange,#FFA70B,FALSE,30
1998,Metallic Silver,#A5A9B4,FALSE,16
1998,Medium Green,#73DCA1,FALSE,14
1998,Light Yellow,#FBE696,FALSE,11
1998,Chrome Blue,#6C96BF,FALSE,10
1998,Royal Blue,#4C61DB,FALSE,7
1998,Pink,#FC97AC,FALSE,4
1998,Unknown,#0033B2,FALSE,4
1998,Light Green,#C2DAB8,FALSE,3
1998,Light Violet,#C9CAE2,FALSE,3
1998,Metallic Gold,#DBAC34,FALSE,2
1998,Dark Orange,#A95500,FALSE,1
1998,Glow In Dark Opaque,#D4D5C9,FALSE,1
1998,Light Blue,#B4D2E3,FALSE,1
1998,Light Bluish Gray,#A0A5A9,FALSE,1
1999,Black,#05131D,FALSE,8146
1999,Light Gray,#9BA19D,FALSE,5506
1999,White,#FFFFFF,FALSE,3832
1999,Red,#C91A09,FALSE,3057
1999,Yellow,#F2CD37,FALSE,2910
1999,Blue,#0055BF,FALSE,2629
1999,Dark Gray,#6D6E5C,FALSE,1699
1999,Green,#237841,FALSE,896
1999,Tan,#E4CD9E,FALSE,442
1999,Brown,#583927,FALSE,389
1999,Trans-Neon Green,#F8F184,TRUE,289
1999,Trans-Red,#C91A09,TRUE,239
1999,Dark Turquoise,#008F9B,FALSE,223
1999,Trans-Dark Blue,#0020A0,TRUE,206
1999,Trans-Yellow,#F5CD2F,TRUE,197
1999,Trans-Light Blue,#AEEFEC,TRUE,189
1999,Purple,#81007B,FALSE,176
1999,Trans-Neon Orange,#FF800D,TRUE,156
1999,Trans-Clear,#FCFCFC,TRUE,150
1999,Orange,#FE8A18,FALSE,139
1999,Trans-Green,#84B68D,TRUE,97
1999,Chrome Silver,#E0E0E0,FALSE,88
1999,Chrome Gold,#BBA53D,FALSE,82
1999,Dark Pink,#C870A0,FALSE,62
1999,Medium Blue,#5A93DB,FALSE,43
1999,Pink,#FC97AC,FALSE,38
1999,Light Yellow,#FBE696,FALSE,31
1999,[No Color],#05131D,FALSE,29
1999,Bright Green,#4B9F4A,FALSE,21
1999,Metallic Silver,#A5A9B4,FALSE,18
1999,Royal Blue,#4C61DB,FALSE,12
1999,Light Green,#C2DAB8,FALSE,9
1999,Light Violet,#C9CAE2,FALSE,8
1999,Violet,#4354A3,FALSE,8
1999,Trans-Black,#635F52,TRUE,7
1999,Unknown,#0033B2,FALSE,7
1999,Glitter Trans-Dark Pink,#DF6695,TRUE,6
1999,Rust,#B31004,FALSE,5
1999,Trans-Dark Pink,#DF6695,TRUE,5
1999,Earth Orange,#FA9C1C,FALSE,4
1999,Medium Orange,#FFA70B,FALSE,3
1999,Chrome Green,#3CB371,FALSE,2
1999,Light Pink,#FECCCF,FALSE,2
1999,Medium Lime,#C7D23C,FALSE,2
1999,Milky White,#FFFFFF,FALSE,2
1999,Glow In Dark Opaque,#D4D5C9,FALSE,1
1999,Light Turquoise,#55A5AF,FALSE,1
1999,Lime,#BBE90B,FALSE,1
1999,Medium Green,#73DCA1,FALSE,1
1999,Medium Violet,#9391E4,FALSE,1
1999,Salmon,#F2705E,FALSE,1
2000,Black,#05131D,FALSE,8965
2000,Light Gray,#9BA19D,FALSE,4986
2000,Red,#C91A09,FALSE,2868
2000,Sand Green,#A0BCAC,FALSE,2867
2000,White,#FFFFFF,FALSE,2635
2000,Yellow,#F2CD37,FALSE,2441
2000,Dark Gray,#6D6E5C,FALSE,2390
2000,Blue,#0055BF,FALSE,1986
2000,Green,#237841,FALSE,1490
2000,Tan,#E4CD9E,FALSE,966
2000,Brown,#583927,FALSE,684
2000,Trans-Clear,#FCFCFC,TRUE,268
2000,Orange,#FE8A18,FALSE,249
2000,Trans-Neon Green,#F8F184,TRUE,195
2000,Trans-Neon Orange,#FF800D,TRUE,185
2000,Trans-Red,#C91A09,TRUE,157
2000,Trans-Light Blue,#AEEFEC,TRUE,146
2000,Lime,#BBE90B,FALSE,108
2000,Dark Turquoise,#008F9B,FALSE,104
2000,Flat Silver,#898788,FALSE,104
2000,Trans-Dark Blue,#0020A0,TRUE,99
2000,[No Color],#05131D,FALSE,88
2000,Trans-Yellow,#F5CD2F,TRUE,87
2000,Trans-Green,#84B68D,TRUE,73
2000,Metallic Silver,#A5A9B4,FALSE,46
2000,Purple,#81007B,FALSE,43
2000,Chrome Silver,#E0E0E0,FALSE,41
2000,Medium Blue,#5A93DB,FALSE,26
2000,Dark Pink,#C870A0,FALSE,25
2000,Chrome Gold,#BBA53D,FALSE,24
2000,Light Yellow,#FBE696,FALSE,22
2000,Trans-Dark Pink,#DF6695,TRUE,21
2000,Royal Blue,#4C61DB,FALSE,16
2000,Medium Green,#73DCA1,FALSE,15
2000,Glow In Dark Opaque,#D4D5C9,FALSE,13
2000,Pink,#FC97AC,FALSE,13
2000,Unknown,#0033B2,FALSE,10
2000,Bright Green,#4B9F4A,FALSE,8
2000,Trans-Black,#635F52,TRUE,7
2000,Dark Orange,#A95500,FALSE,4
2000,Earth Orange,#FA9C1C,FALSE,4
2000,Violet,#4354A3,FALSE,4
2000,Light Violet,#C9CAE2,FALSE,3
2000,Pearl Light Gold,#DCBC81,FALSE,3
2000,Metallic Gold,#DBAC34,FALSE,2
2000,Rust,#B31004,FALSE,2
2000,Trans-Purple,#A5A5CB,TRUE,2
2000,Aqua,#B3D7D1,FALSE,1
2000,Glitter Trans-Dark Pink,#DF6695,TRUE,1
2000,Glitter Trans-Purple,#A5A5CB,TRUE,1
2000,Light Blue,#B4D2E3,FALSE,1
2000,Light Green,#C2DAB8,FALSE,1
2000,Very Light Orange,#F3CF9B,FALSE,1
2001,Black,#05131D,FALSE,10186
2001,Light Gray,#9BA19D,FALSE,5533
2001,White,#FFFFFF,FALSE,3290
2001,Red,#C91A09,FALSE,2743
2001,Dark Gray,#6D6E5C,FALSE,2718
2001,Green,#237841,FALSE,2338
2001,Blue,#0055BF,FALSE,1993
2001,Yellow,#F2CD37,FALSE,1962
2001,Brown,#583927,FALSE,893
2001,Tan,#E4CD9E,FALSE,881
2001,Sand Red,#D67572,FALSE,520
2001,Trans-Neon Green,#F8F184,TRUE,241
2001,Trans-Neon Orange,#FF800D,TRUE,239
2001,Trans-Red,#C91A09,TRUE,194
2001,Orange,#FE8A18,FALSE,190
2001,Trans-Clear,#FCFCFC,TRUE,186
2001,Dark Turquoise,#008F9B,FALSE,134
2001,Trans-Light Blue,#AEEFEC,TRUE,114
2001,Sand Green,#A0BCAC,FALSE,105
2001,Sand Blue,#6074A1,FALSE,104
2001,Medium Blue,#5A93DB,FALSE,97
2001,Trans-Dark Blue,#0020A0,TRUE,90
2001,[No Color],#05131D,FALSE,82
2001,Dark Red,#720E0F,FALSE,78
2001,Flat Silver,#898788,FALSE,70
2001,Chrome Silver,#E0E0E0,FALSE,62
2001,Trans-Green,#84B68D,TRUE,54
2001,Sand Purple,#845E84,FALSE,53
2001,Dark Pink,#C870A0,FALSE,51
2001,Trans-Yellow,#F5CD2F,TRUE,51
2001,Lime,#BBE90B,FALSE,48
2001,Purple,#81007B,FALSE,48
2001,Trans-Dark Pink,#DF6695,TRUE,48
2001,Chrome Gold,#BBA53D,FALSE,38
2001,Trans-Black,#635F52,TRUE,26
2001,Metallic Green,#899B5F,FALSE,23
2001,Medium Orange,#FFA70B,FALSE,19
2001,Medium Lime,#C7D23C,FALSE,14
2001,Metallic Gold,#DBAC34,FALSE,14
2001,Royal Blue,#4C61DB,FALSE,12
2001,Trans-Medium Blue,#CFE2F7,TRUE,12
2001,Chrome Blue,#6C96BF,FALSE,10
2001,Metallic Silver,#A5A9B4,FALSE,9
2001,Trans-Purple,#A5A5CB,TRUE,9
2001,Violet,#4354A3,FALSE,9
2001,Bright Green,#4B9F4A,FALSE,8
2001,Chrome Antique Brass,#645A4C,FALSE,8
2001,Earth Orange,#FA9C1C,FALSE,8
2001,Trans-Neon Yellow,#DAB000,TRUE,8
2001,Medium Green,#73DCA1,FALSE,7
2001,Light Yellow,#FBE696,FALSE,6
2001,Pearl Light Gray,#9CA3A8,FALSE,6
2001,Dark Orange,#A95500,FALSE,5
2001,Light Violet,#C9CAE2,FALSE,5
2001,Dark Blue,#0A3463,FALSE,4
2001,Glow In Dark Opaque,#D4D5C9,FALSE,4
2001,Light Turquoise,#55A5AF,FALSE,3
2001,Pearl Light Gold,#DCBC81,FALSE,3
2001,Pink,#FC97AC,FALSE,3
2001,Unknown,#0033B2,FALSE,3
2001,Copper,#AE7A59,FALSE,2
2001,Glitter Trans-Dark Pink,#DF6695,TRUE,2
2001,Light Green,#C2DAB8,FALSE,2
2001,Aqua,#B3D7D1,FALSE,1
2001,Chrome Pink,#AA4D8E,FALSE,1
2001,Light Blue,#B4D2E3,FALSE,1
2002,Black,#05131D,FALSE,14245
2002,Light Gray,#9BA19D,FALSE,10309
2002,Red,#C91A09,FALSE,4544
2002,White,#FFFFFF,FALSE,4210
2002,Dark Gray,#6D6E5C,FALSE,3887
2002,Yellow,#F2CD37,FALSE,2771
2002,Blue,#0055BF,FALSE,2447
2002,Green,#237841,FALSE,1895
2002,Brown,#583927,FALSE,1409
2002,Tan,#E4CD9E,FALSE,1310
2002,Sand Green,#A0BCAC,FALSE,602
2002,Orange,#FE8A18,FALSE,591
2002,Trans-Clear,#FCFCFC,TRUE,288
2002,Trans-Neon Green,#F8F184,TRUE,271
2002,Pearl Light Gray,#9CA3A8,FALSE,265
2002,Trans-Red,#C91A09,TRUE,261
2002,Medium Blue,#5A93DB,FALSE,182
2002,Lime,#BBE90B,FALSE,179
2002,Purple,#81007B,FALSE,175
2002,Trans-Neon Orange,#FF800D,TRUE,171
2002,Trans-Light Blue,#AEEFEC,TRUE,162
2002,Trans-Dark Blue,#0020A0,TRUE,132
2002,Sand Blue,#6074A1,FALSE,123
2002,Flat Silver,#898788,FALSE,117
2002,Trans-Yellow,#F5CD2F,TRUE,117
2002,Chrome Silver,#E0E0E0,FALSE,111
2002,Trans-Green,#84B68D,TRUE,106
2002,Dark Orange,#A95500,FALSE,100
2002,Metal Blue,#7988A1,FALSE,89
2002,Dark Red,#720E0F,FALSE,82
2002,Trans-Black,#635F52,TRUE,79
2002,Pearl Dark Gray,#575857,FALSE,76
2002,Light Yellow,#FBE696,FALSE,73
2002,Dark Blue,#0A3463,FALSE,64
2002,Dark Turquoise,#008F9B,FALSE,64
2002,Chrome Gold,#BBA53D,FALSE,60
2002,Medium Orange,#FFA70B,FALSE,51
2002,Trans-Dark Pink,#DF6695,TRUE,48
2002,Dark Pink,#C870A0,FALSE,46
2002,[No Color],#05131D,FALSE,45
2002,Bright Green,#4B9F4A,FALSE,41
2002,Violet,#4354A3,FALSE,39
2002,Trans-Medium Blue,#CFE2F7,TRUE,37
2002,Unknown,#0033B2,FALSE,24
2002,Aqua,#B3D7D1,FALSE,19
2002,Dark Tan,#958A73,FALSE,17
2002,Light Blue,#B4D2E3,FALSE,17
2002,Glow In Dark Opaque,#D4D5C9,FALSE,16
2002,Pink,#FC97AC,FALSE,16
2002,Trans-Purple,#A5A5CB,TRUE,13
2002,Metallic Silver,#A5A9B4,FALSE,10
2002,Royal Blue,#4C61DB,FALSE,10
2002,Earth Orange,#FA9C1C,FALSE,8
2002,Light Orange,#F9BA61,FALSE,8
2002,Chrome Antique Brass,#645A4C,FALSE,6
2002,Light Green,#C2DAB8,FALSE,6
2002,Glitter Trans-Dark Pink,#DF6695,TRUE,5
2002,Magenta,#923978,FALSE,5
2002,Medium Green,#73DCA1,FALSE,5
2002,Sand Red,#D67572,FALSE,5
2002,Light Turquoise,#55A5AF,FALSE,4
2002,Chrome Pink,#AA4D8E,FALSE,2
2002,Light Pink,#FECCCF,FALSE,2
2002,Light Violet,#C9CAE2,FALSE,2
2002,Medium Lime,#C7D23C,FALSE,2
2002,Pearl Very Light Gray,#ABADAC,FALSE,2
2002,Sand Purple,#845E84,FALSE,2
2002,Chrome Blue,#6C96BF,FALSE,1
2002,Flesh,#D09168,FALSE,1
2002,Pearl Gold,#AA7F2E,FALSE,1
2002,Trans-Neon Yellow,#DAB000,TRUE,1
2003,Black,#05131D,FALSE,15449
2003,White,#FFFFFF,FALSE,9736
2003,Light Gray,#9BA19D,FALSE,9135
2003,Dark Gray,#6D6E5C,FALSE,5148
2003,Red,#C91A09,FALSE,4753
2003,Blue,#0055BF,FALSE,3471
2003,Yellow,#F2CD37,FALSE,3347
2003,Dark Bluish Gray,#6C6E68,FALSE,2367
2003,Tan,#E4CD9E,FALSE,2307
2003,Light Bluish Gray,#A0A5A9,FALSE,2159
2003,Green,#237841,FALSE,1407
2003,Brown,#583927,FALSE,1353
2003,Orange,#FE8A18,FALSE,600
2003,Trans-Red,#C91A09,TRUE,478
2003,Trans-Clear,#FCFCFC,TRUE,345
2003,Trans-Dark Blue,#0020A0,TRUE,315
2003,Trans-Neon Orange,#FF800D,TRUE,301
2003,Trans-Yellow,#F5CD2F,TRUE,287
2003,Trans-Black,#635F52,TRUE,277
2003,Dark Orange,#A95500,FALSE,222
2003,Dark Red,#720E0F,FALSE,221
2003,Pearl Light Gray,#9CA3A8,FALSE,217
2003,Dark Blue,#0A3463,FALSE,204
2003,Medium Blue,#5A93DB,FALSE,203
2003,[No Color],#05131D,FALSE,198
2003,Flat Silver,#898788,FALSE,186
2003,Sand Green,#A0BCAC,FALSE,161
2003,Trans-Dark Pink,#DF6695,TRUE,154
2003,Lime,#BBE90B,FALSE,141
2003,Trans-Neon Green,#F8F184,TRUE,141
2003,Sand Blue,#6074A1,FALSE,133
2003,Dark Pink,#C870A0,FALSE,123
2003,Trans-Green,#84B68D,TRUE,121
2003,Medium Orange,#FFA70B,FALSE,107
2003,Chrome Silver,#E0E0E0,FALSE,103
2003,Trans-Light Blue,#AEEFEC,TRUE,92
2003,Bright Green,#4B9F4A,FALSE,78
2003,Trans-Pink,#E4ADC8,TRUE,75
2003,Purple,#81007B,FALSE,74
2003,Reddish Brown,#582A12,FALSE,58
2003,Trans-Very Lt Blue,#C1DFF0,TRUE,57
2003,Pearl Dark Gray,#575857,FALSE,52
2003,Violet,#4354A3,FALSE,48
2003,Trans-Medium Blue,#CFE2F7,TRUE,44
2003,Pink,#FC97AC,FALSE,41
2003,Medium Lime,#C7D23C,FALSE,38
2003,Trans-Purple,#A5A5CB,TRUE,34
2003,Chrome Gold,#BBA53D,FALSE,32
2003,Aqua,#B3D7D1,FALSE,31
2003,Medium Green,#73DCA1,FALSE,29
2003,Trans-Bright Green,#D9E4A7,TRUE,27
2003,Sand Red,#D67572,FALSE,26
2003,Chrome Blue,#6C96BF,FALSE,21
2003,Light Yellow,#FBE696,FALSE,20
2003,Magenta,#923978,FALSE,20
2003,Light Salmon,#FEBABD,FALSE,17
2003,Royal Blue,#4C61DB,FALSE,16
2003,Dark Turquoise,#008F9B,FALSE,15
2003,Earth Orange,#FA9C1C,FALSE,14
2003,Trans-Orange,#F08F1C,TRUE,13
2003,Pearl White,#F2F3F2,FALSE,12
2003,Light Flesh,#F6D7B3,FALSE,11
2003,Chrome Pink,#AA4D8E,FALSE,10
2003,Flat Dark Gold,#B48455,FALSE,10
2003,Pearl Light Gold,#DCBC81,FALSE,6
2003,Unknown,#0033B2,FALSE,6
2003,Light Orange,#F9BA61,FALSE,5
2003,Dark Tan,#958A73,FALSE,4
2003,Milky White,#FFFFFF,FALSE,4
2003,Chrome Antique Brass,#645A4C,FALSE,3
2003,Copper,#AE7A59,FALSE,3
2003,Flesh,#D09168,FALSE,3
2003,Metal Blue,#7988A1,FALSE,3
2003,Metallic Green,#899B5F,FALSE,3
2003,Metallic Silver,#A5A9B4,FALSE,3
2003,Pearl Very Light Gray,#ABADAC,FALSE,3
2003,Dark Green,#184632,FALSE,2
2003,Light Green,#C2DAB8,FALSE,2
2003,Light Turquoise,#55A5AF,FALSE,2
2003,Very Light Gray,#E6E3DA,FALSE,2
2003,Bright Light Blue,#9FC3E9,FALSE,1
2003,Bright Pink,#E4ADC8,FALSE,1
2003,Glitter Trans-Clear,#FFFFFF,TRUE,1
2003,Light Blue,#B4D2E3,FALSE,1
2003,Light Pink,#FECCCF,FALSE,1
2003,Sky Blue,#7DBFDD,FALSE,1
2003,Trans-Neon Yellow,#DAB000,TRUE,1
2004,Black,#05131D,FALSE,9555
2004,White,#FFFFFF,FALSE,6239
2004,Light Bluish Gray,#A0A5A9,FALSE,5896
2004,Red,#C91A09,FALSE,4746
2004,Blue,#0055BF,FALSE,3996
2004,Dark Bluish Gray,#6C6E68,FALSE,3718
2004,Yellow,#F2CD37,FALSE,3447
2004,Green,#237841,FALSE,1559
2004,Tan,#E4CD9E,FALSE,1238
2004,Light Gray,#9BA19D,FALSE,1091
2004,Reddish Brown,#582A12,FALSE,990
2004,Orange,#FE8A18,FALSE,894
2004,Dark Gray,#6D6E5C,FALSE,702
2004,Dark Red,#720E0F,FALSE,668
2004,Trans-Red,#C91A09,TRUE,563
2004,Trans-Clear,#FCFCFC,TRUE,433
2004,Medium Blue,#5A93DB,FALSE,432
2004,Sand Blue,#6074A1,FALSE,381
2004,Trans-Dark Blue,#0020A0,TRUE,358
2004,Brown,#583927,FALSE,320
2004,Trans-Dark Pink,#DF6695,TRUE,278
2004,Dark Blue,#0A3463,FALSE,260
2004,Dark Purple,#3F3691,FALSE,259
2004,Trans-Neon Orange,#FF800D,TRUE,250
2004,Trans-Light Blue,#AEEFEC,TRUE,247
2004,Trans-Black,#635F52,TRUE,236
2004,Trans-Yellow,#F5CD2F,TRUE,229
2004,Lime,#BBE90B,FALSE,215
2004,Dark Orange,#A95500,FALSE,188
2004,Sand Green,#A0BCAC,FALSE,186
2004,Pearl Light Gray,#9CA3A8,FALSE,184
2004,Dark Green,#184632,FALSE,167
2004,Maersk Blue,#3592C3,FALSE,166
2004,Dark Pink,#C870A0,FALSE,138
2004,Blue-Violet,#6874CA,FALSE,137
2004,Trans-Green,#84B68D,TRUE,135
2004,Bright Green,#4B9F4A,FALSE,124
2004,Flat Silver,#898788,FALSE,123
2004,Royal Blue,#4C61DB,FALSE,116
2004,Trans-Neon Green,#F8F184,TRUE,111
2004,Trans-Orange,#F08F1C,TRUE,107
2004,Trans-Medium Blue,#CFE2F7,TRUE,95
2004,[No Color],#05131D,FALSE,94
2004,Chrome Silver,#E0E0E0,FALSE,89
2004,Trans-Purple,#A5A5CB,TRUE,79
2004,Aqua,#B3D7D1,FALSE,67
2004,Pink,#FC97AC,FALSE,63
2004,Medium Orange,#FFA70B,FALSE,60
2004,Pearl Dark Gray,#575857,FALSE,42
2004,Chrome Gold,#BBA53D,FALSE,41
2004,Glow In Dark Opaque,#D4D5C9,FALSE,40
2004,Dark Flesh,#7C503A,FALSE,36
2004,Medium Lime,#C7D23C,FALSE,36
2004,Dark Tan,#958A73,FALSE,35
2004,Trans-Pink,#E4ADC8,TRUE,35
2004,Trans-Very Lt Blue,#C1DFF0,TRUE,34
2004,Magenta,#923978,FALSE,32
2004,Copper,#AE7A59,FALSE,27
2004,Dark Turquoise,#008F9B,FALSE,27
2004,Light Flesh,#F6D7B3,FALSE,26
2004,Sky Blue,#7DBFDD,FALSE,21
2004,Trans-Bright Green,#D9E4A7,TRUE,20
2004,Bright Pink,#E4ADC8,FALSE,19
2004,Flat Dark Gold,#B48455,FALSE,19
2004,Purple,#81007B,FALSE,18
2004,Very Light Bluish Gray,#E6E3E0,FALSE,18
2004,Glitter Trans-Dark Pink,#DF6695,TRUE,17
2004,Bright Light Blue,#9FC3E9,FALSE,16
2004,Sand Red,#D67572,FALSE,14
2004,Bright Light Yellow,#FFF03A,FALSE,12
2004,Medium Green,#73DCA1,FALSE,12
2004,Pearl Light Gold,#DCBC81,FALSE,11
2004,Light Blue,#B4D2E3,FALSE,10
2004,Chrome Pink,#AA4D8E,FALSE,9
2004,Flesh,#D09168,FALSE,9
2004,Light Orange,#F9BA61,FALSE,9
2004,Light Turquoise,#55A5AF,FALSE,7
2004,Metal Blue,#7988A1,FALSE,7
2004,Earth Orange,#FA9C1C,FALSE,6
2004,Light Salmon,#FEBABD,FALSE,6
2004,Glitter Trans-Clear,#FFFFFF,TRUE,5
2004,Unknown,#0033B2,FALSE,5
2004,Chrome Antique Brass,#645A4C,FALSE,4
2004,Glitter Trans-Purple,#A5A5CB,TRUE,4
2004,Light Purple,#CD6298,FALSE,4
2004,Metallic Silver,#A5A9B4,FALSE,4
2004,Violet,#4354A3,FALSE,3
2004,Bright Light Orange,#F8BB3D,FALSE,2
2004,Light Lime,#D9E4A7,FALSE,2
2004,Very Light Gray,#E6E3DA,FALSE,2
2004,Light Yellow,#FBE696,FALSE,1
2005,Black,#05131D,FALSE,14127
2005,Light Bluish Gray,#A0A5A9,FALSE,8359
2005,Dark Bluish Gray,#6C6E68,FALSE,7236
2005,White,#FFFFFF,FALSE,5764
2005,Red,#C91A09,FALSE,5389
2005,Yellow,#F2CD37,FALSE,4548
2005,Blue,#0055BF,FALSE,3760
2005,Tan,#E4CD9E,FALSE,2352
2005,Reddish Brown,#582A12,FALSE,2275
2005,Green,#237841,FALSE,1855
2005,Dark Red,#720E0F,FALSE,1222
2005,Orange,#FE8A18,FALSE,1167
2005,Dark Blue,#0A3463,FALSE,1094
2005,Trans-Dark Blue,#0020A0,TRUE,711
2005,Medium Blue,#5A93DB,FALSE,633
2005,Trans-Clear,#FCFCFC,TRUE,405
2005,Pearl Light Gray,#9CA3A8,FALSE,310
2005,Trans-Red,#C91A09,TRUE,300
2005,Trans-Neon Orange,#FF800D,TRUE,280
2005,Flat Silver,#898788,FALSE,265
2005,Lime,#BBE90B,FALSE,265
2005,Brown,#583927,FALSE,244
2005,Trans-Black,#635F52,TRUE,233
2005,Dark Orange,#A95500,FALSE,193
2005,Trans-Dark Pink,#DF6695,TRUE,181
2005,Dark Green,#184632,FALSE,178
2005,Sand Blue,#6074A1,FALSE,176
2005,Maersk Blue,#3592C3,FALSE,166
2005,Trans-Yellow,#F5CD2F,TRUE,160
2005,Trans-Neon Green,#F8F184,TRUE,135
2005,Dark Gray,#6D6E5C,FALSE,115
2005,Trans-Light Blue,#AEEFEC,TRUE,114
2005,Light Gray,#9BA19D,FALSE,109
2005,Trans-Purple,#A5A5CB,TRUE,106
2005,Bright Light Orange,#F8BB3D,FALSE,100
2005,Trans-Orange,#F08F1C,TRUE,88
2005,Sand Green,#A0BCAC,FALSE,81
2005,Trans-Green,#84B68D,TRUE,77
2005,Dark Pink,#C870A0,FALSE,67
2005,Dark Purple,#3F3691,FALSE,66
2005,Trans-Pink,#E4ADC8,TRUE,66
2005,Trans-Medium Blue,#CFE2F7,TRUE,63
2005,Metallic Silver,#A5A9B4,FALSE,62
2005,Blue-Violet,#6874CA,FALSE,60
2005,Aqua,#B3D7D1,FALSE,56
2005,Dark Tan,#958A73,FALSE,49
2005,Bright Pink,#E4ADC8,FALSE,47
2005,Speckle Black-Silver,#000000,FALSE,47
2005,Light Purple,#CD6298,FALSE,46
2005,[No Color],#05131D,FALSE,45
2005,Dark Flesh,#7C503A,FALSE,45
2005,Trans-Very Lt Blue,#C1DFF0,TRUE,44
2005,Trans-Bright Green,#D9E4A7,TRUE,41
2005,Flat Dark Gold,#B48455,FALSE,37
2005,Pearl Dark Gray,#575857,FALSE,37
2005,Bright Green,#4B9F4A,FALSE,34
2005,Chrome Gold,#BBA53D,FALSE,31
2005,Magenta,#923978,FALSE,31
2005,Trans-Light Purple,#96709F,TRUE,28
2005,Copper,#AE7A59,FALSE,26
2005,Very Light Bluish Gray,#E6E3E0,FALSE,26
2005,Chrome Silver,#E0E0E0,FALSE,24
2005,Pink,#FC97AC,FALSE,24
2005,Light Green,#C2DAB8,FALSE,23
2005,Light Flesh,#F6D7B3,FALSE,22
2005,Glow In Dark Trans,#BDC6AD,TRUE,20
2005,Metallic Gold,#DBAC34,FALSE,20
2005,Purple,#81007B,FALSE,18
2005,Glitter Trans-Dark Pink,#DF6695,TRUE,15
2005,Royal Blue,#4C61DB,FALSE,15
2005,Light Blue,#B4D2E3,FALSE,14
2005,Glow In Dark Opaque,#D4D5C9,FALSE,13
2005,Light Lime,#D9E4A7,FALSE,12
2005,Glitter Trans-Clear,#FFFFFF,TRUE,10
2005,Medium Orange,#FFA70B,FALSE,10
2005,Pearl White,#F2F3F2,FALSE,10
2005,Chrome Antique Brass,#645A4C,FALSE,9
2005,Pearl Gold,#AA7F2E,FALSE,9
2005,Metal Blue,#7988A1,FALSE,8
2005,Bright Light Blue,#9FC3E9,FALSE,7
2005,Dark Turquoise,#008F9B,FALSE,7
2005,Earth Orange,#FA9C1C,FALSE,6
2005,Medium Lime,#C7D23C,FALSE,6
2005,Bright Light Yellow,#FFF03A,FALSE,4
2005,Chrome Pink,#AA4D8E,FALSE,4
2005,Glitter Trans-Purple,#A5A5CB,TRUE,4
2005,Light Violet,#C9CAE2,FALSE,4
2005,Dark Blue-Violet,#2032B0,FALSE,3
2005,Flesh,#D09168,FALSE,3
2005,Pearl Light Gold,#DCBC81,FALSE,3
2005,Glow in Dark White,#D9D9D9,FALSE,2
2005,Milky White,#FFFFFF,FALSE,2
2005,Trans Light Royal Blue,#B4D4F7,TRUE,2
2005,Chrome Blue,#6C96BF,FALSE,1
2005,Light Pink,#FECCCF,FALSE,1
2005,Light Yellow,#FBE696,FALSE,1
2005,Medium Lavender,#AC78BA,FALSE,1
2005,Medium Violet,#9391E4,FALSE,1
2006,Black,#05131D,FALSE,17403
2006,Light Bluish Gray,#A0A5A9,FALSE,10753
2006,Dark Bluish Gray,#6C6E68,FALSE,8021
2006,Red,#C91A09,FALSE,6938
2006,White,#FFFFFF,FALSE,6900
2006,Blue,#0055BF,FALSE,4751
2006,Yellow,#F2CD37,FALSE,3940
2006,Green,#237841,FALSE,1760
2006,Reddish Brown,#582A12,FALSE,1372
2006,Tan,#E4CD9E,FALSE,925
2006,Orange,#FE8A18,FALSE,696
2006,Dark Red,#720E0F,FALSE,530
2006,Trans-Clear,#FCFCFC,TRUE,499
2006,Trans-Red,#C91A09,TRUE,487
2006,Lime,#BBE90B,FALSE,480
2006,Pearl Light Gray,#9CA3A8,FALSE,451
2006,Trans-Black,#635F52,TRUE,391
2006,Trans-Neon Green,#F8F184,TRUE,323
2006,Dark Blue,#0A3463,FALSE,297
2006,Flat Silver,#898788,FALSE,287
2006,Dark Green,#184632,FALSE,285
2006,Trans-Yellow,#F5CD2F,TRUE,281
2006,Trans-Neon Orange,#FF800D,TRUE,241
2006,Trans-Dark Blue,#0020A0,TRUE,221
2006,Metallic Silver,#A5A9B4,FALSE,182
2006,Medium Blue,#5A93DB,FALSE,173
2006,Maersk Blue,#3592C3,FALSE,166
2006,Pearl Gold,#AA7F2E,FALSE,156
2006,Trans-Orange,#F08F1C,TRUE,120
2006,Trans-Light Blue,#AEEFEC,TRUE,106
2006,Light Gray,#9BA19D,FALSE,100
2006,Trans-Dark Pink,#DF6695,TRUE,91
2006,Very Light Bluish Gray,#E6E3E0,FALSE,89
2006,Trans-Pink,#E4ADC8,TRUE,84
2006,Bright Light Orange,#F8BB3D,FALSE,79
2006,Bright Pink,#E4ADC8,FALSE,76
2006,Dark Gray,#6D6E5C,FALSE,70
2006,[No Color],#05131D,FALSE,66
2006,Copper,#AE7A59,FALSE,65
2006,Pearl Dark Gray,#575857,FALSE,64
2006,Brown,#583927,FALSE,59
2006,Sand Green,#A0BCAC,FALSE,59
2006,Trans-Green,#84B68D,TRUE,58
2006,Trans-Medium Blue,#CFE2F7,TRUE,58
2006,Speckle Black-Silver,#000000,FALSE,56
2006,Dark Pink,#C870A0,FALSE,55
2006,Chrome Silver,#E0E0E0,FALSE,54
2006,Sand Blue,#6074A1,FALSE,54
2006,Light Flesh,#F6D7B3,FALSE,51
2006,Magenta,#923978,FALSE,51
2006,Dark Flesh,#7C503A,FALSE,44
2006,Bright Green,#4B9F4A,FALSE,39
2006,Dark Purple,#3F3691,FALSE,33
2006,Dark Tan,#958A73,FALSE,33
2006,Aqua,#B3D7D1,FALSE,30
2006,Chrome Gold,#BBA53D,FALSE,27
2006,Trans-Bright Green,#D9E4A7,TRUE,26
2006,Glitter Trans-Dark Pink,#DF6695,TRUE,21
2006,Dark Orange,#A95500,FALSE,18
2006,Light Yellow,#FBE696,FALSE,16
2006,Metallic Gold,#DBAC34,FALSE,16
2006,Pink,#FC97AC,FALSE,14
2006,Glow In Dark Opaque,#D4D5C9,FALSE,13
2006,Trans-Very Lt Blue,#C1DFF0,TRUE,13
2006,Pearl White,#F2F3F2,FALSE,11
2006,Speckle DBGray-Silver,#635F61,FALSE,11
2006,Royal Blue,#4C61DB,FALSE,10
2006,Trans-Purple,#A5A5CB,TRUE,10
2006,Bright Light Blue,#9FC3E9,FALSE,9
2006,Purple,#81007B,FALSE,7
2006,Speckle Black-Copper,#000000,FALSE,7
2006,Flat Dark Gold,#B48455,FALSE,6
2006,Bright Light Yellow,#FFF03A,FALSE,5
2006,Light Blue,#B4D2E3,FALSE,3
2006,Pearl Light Gold,#DCBC81,FALSE,3
2006,Chrome Pink,#AA4D8E,FALSE,2
2006,Glow In Dark Trans,#BDC6AD,TRUE,2
2006,Medium Orange,#FFA70B,FALSE,2
2006,Chrome Blue,#6C96BF,FALSE,1
2006,Dark Blue-Violet,#2032B0,FALSE,1
2006,Earth Orange,#FA9C1C,FALSE,1
2006,Light Lime,#D9E4A7,FALSE,1
2006,Light Orange,#F9BA61,FALSE,1
2006,Light Pink,#FECCCF,FALSE,1
2006,Very Light Orange,#F3CF9B,FALSE,1
2007,Black,#05131D,FALSE,14953
2007,Light Bluish Gray,#A0A5A9,FALSE,13403
2007,Dark Bluish Gray,#6C6E68,FALSE,10945
2007,Red,#C91A09,FALSE,7376
2007,White,#FFFFFF,FALSE,7355
2007,Yellow,#F2CD37,FALSE,4252
2007,Blue,#0055BF,FALSE,3659
2007,Tan,#E4CD9E,FALSE,1804
2007,Reddish Brown,#582A12,FALSE,1457
2007,Green,#237841,FALSE,1213
2007,Dark Red,#720E0F,FALSE,869
2007,Dark Blue,#0A3463,FALSE,601
2007,Pearl Light Gray,#9CA3A8,FALSE,586
2007,Trans-Dark Blue,#0020A0,TRUE,574
2007,Lime,#BBE90B,FALSE,527
2007,Orange,#FE8A18,FALSE,494
2007,Trans-Red,#C91A09,TRUE,483
2007,Trans-Clear,#FCFCFC,TRUE,465
2007,Medium Blue,#5A93DB,FALSE,416
2007,Trans-Yellow,#F5CD2F,TRUE,341
2007,Trans-Neon Green,#F8F184,TRUE,250
2007,Trans-Orange,#F08F1C,TRUE,245
2007,Trans-Green,#84B68D,TRUE,179
2007,Trans-Black,#635F52,TRUE,164
2007,Trans-Light Blue,#AEEFEC,TRUE,158
2007,Dark Green,#184632,FALSE,125
2007,Pearl Gold,#AA7F2E,FALSE,116
2007,Trans-Neon Orange,#FF800D,TRUE,113
2007,Metallic Silver,#A5A9B4,FALSE,107
2007,Bright Green,#4B9F4A,FALSE,86
2007,Dark Pink,#C870A0,FALSE,84
2007,Flat Silver,#898788,FALSE,73
2007,Glitter Trans-Dark Pink,#DF6695,TRUE,62
2007,Trans-Dark Pink,#DF6695,TRUE,60
2007,Trans-Medium Blue,#CFE2F7,TRUE,58
2007,Pearl Dark Gray,#575857,FALSE,47
2007,Bright Light Orange,#F8BB3D,FALSE,42
2007,Copper,#AE7A59,FALSE,41
2007,Sand Green,#A0BCAC,FALSE,39
2007,Dark Tan,#958A73,FALSE,36
2007,Metallic Gold,#DBAC34,FALSE,34
2007,Dark Orange,#A95500,FALSE,32
2007,Glow In Dark Opaque,#D4D5C9,FALSE,32
2007,Chrome Gold,#BBA53D,FALSE,31
2007,Chrome Silver,#E0E0E0,FALSE,30
2007,Light Flesh,#F6D7B3,FALSE,29
2007,[No Color],#05131D,FALSE,28
2007,Bright Pink,#E4ADC8,FALSE,14
2007,Magenta,#923978,FALSE,14
2007,Dark Purple,#3F3691,FALSE,12
2007,Royal Blue,#4C61DB,FALSE,11
2007,Speckle Black-Silver,#000000,FALSE,7
2007,Bright Light Blue,#9FC3E9,FALSE,5
2007,Chrome Pink,#AA4D8E,FALSE,4
2007,Flesh,#D09168,FALSE,3
2007,Trans-Purple,#A5A5CB,TRUE,3
2007,Light Lime,#D9E4A7,FALSE,2
2007,Medium Orange,#FFA70B,FALSE,2
2007,Milky White,#FFFFFF,FALSE,2
2007,Sand Blue,#6074A1,FALSE,2
2007,Brown,#583927,FALSE,1
2007,Dark Gray,#6D6E5C,FALSE,1
2007,Flat Dark Gold,#B48455,FALSE,1
2007,Glitter Trans-Clear,#FFFFFF,TRUE,1
2007,Glow In Dark Trans,#BDC6AD,TRUE,1
2007,Light Gray,#9BA19D,FALSE,1
2007,Light Pink,#FECCCF,FALSE,1
2008,Black,#05131D,FALSE,16098
2008,White,#FFFFFF,FALSE,13288
2008,Light Bluish Gray,#A0A5A9,FALSE,12620
2008,Dark Bluish Gray,#6C6E68,FALSE,9617
2008,Red,#C91A09,FALSE,5165
2008,Blue,#0055BF,FALSE,4536
2008,Yellow,#F2CD37,FALSE,3556
2008,Tan,#E4CD9E,FALSE,2439
2008,Reddish Brown,#582A12,FALSE,1943
2008,Dark Blue,#0A3463,FALSE,1482
2008,Green,#237841,FALSE,1344
2008,Orange,#FE8A18,FALSE,1109
2008,Dark Red,#720E0F,FALSE,970
2008,Trans-Clear,#FCFCFC,TRUE,907
2008,Pearl Light Gray,#9CA3A8,FALSE,758
2008,Trans-Red,#C91A09,TRUE,674
2008,Lime,#BBE90B,FALSE,636
2008,Medium Blue,#5A93DB,FALSE,577
2008,Dark Green,#184632,FALSE,500
2008,Trans-Neon Green,#F8F184,TRUE,387
2008,Sand Green,#A0BCAC,FALSE,348
2008,Metallic Silver,#A5A9B4,FALSE,316
2008,Trans-Dark Blue,#0020A0,TRUE,296
2008,Dark Brown,#352100,FALSE,279
2008,Trans-Yellow,#F5CD2F,TRUE,266
2008,Trans-Orange,#F08F1C,TRUE,247
2008,Trans-Black,#635F52,TRUE,242
2008,Dark Tan,#958A73,FALSE,211
2008,Trans-Light Blue,#AEEFEC,TRUE,197
2008,Trans-Neon Orange,#FF800D,TRUE,175
2008,Trans-Green,#84B68D,TRUE,159
2008,Dark Pink,#C870A0,FALSE,117
2008,Pearl Gold,#AA7F2E,FALSE,103
2008,Light Flesh,#F6D7B3,FALSE,94
2008,Bright Green,#4B9F4A,FALSE,88
2008,Bright Pink,#E4ADC8,FALSE,81
2008,Magenta,#923978,FALSE,72
2008,Metallic Gold,#DBAC34,FALSE,72
2008,Copper,#AE7A59,FALSE,60
2008,[No Color],#05131D,FALSE,59
2008,Pearl Dark Gray,#575857,FALSE,56
2008,Dark Orange,#A95500,FALSE,50
2008,Speckle Black-Silver,#000000,FALSE,41
2008,Bright Light Orange,#F8BB3D,FALSE,39
2008,Dark Purple,#3F3691,FALSE,39
2008,Glow In Dark Trans,#BDC6AD,TRUE,26
2008,Flat Silver,#898788,FALSE,24
2008,Glitter Trans-Dark Pink,#DF6695,TRUE,21
2008,Trans-Dark Pink,#DF6695,TRUE,20
2008,Chrome Gold,#BBA53D,FALSE,17
2008,Sand Blue,#6074A1,FALSE,15
2008,Chrome Silver,#E0E0E0,FALSE,9
2008,Milky White,#FFFFFF,FALSE,7
2008,Trans-Medium Blue,#CFE2F7,TRUE,5
2008,Trans-Purple,#A5A5CB,TRUE,4
2008,Bright Light Blue,#9FC3E9,FALSE,3
2008,Medium Orange,#FFA70B,FALSE,3
2008,Unknown,#0033B2,FALSE,2
2008,Bright Light Yellow,#FFF03A,FALSE,1
2008,Royal Blue,#4C61DB,FALSE,1
2009,Black,#05131D,FALSE,15811
2009,Light Bluish Gray,#A0A5A9,FALSE,12158
2009,Dark Bluish Gray,#6C6E68,FALSE,8526
2009,White,#FFFFFF,FALSE,8523
2009,Red,#C91A09,FALSE,7414
2009,Yellow,#F2CD37,FALSE,4994
2009,Blue,#0055BF,FALSE,4876
2009,Tan,#E4CD9E,FALSE,3348
2009,Reddish Brown,#582A12,FALSE,2786
2009,Green,#237841,FALSE,1452
2009,Lime,#BBE90B,FALSE,1383
2009,Orange,#FE8A18,FALSE,1162
2009,Dark Red,#720E0F,FALSE,1106
2009,Trans-Clear,#FCFCFC,TRUE,921
2009,Dark Blue,#0A3463,FALSE,873
2009,Trans-Red,#C91A09,TRUE,556
2009,Dark Tan,#958A73,FALSE,518
2009,Dark Green,#184632,FALSE,484
2009,Pearl Light Gray,#9CA3A8,FALSE,385
2009,Trans-Orange,#F08F1C,TRUE,360
2009,Pearl Gold,#AA7F2E,FALSE,339
2009,Trans-Yellow,#F5CD2F,TRUE,320
2009,Medium Blue,#5A93DB,FALSE,305
2009,Trans-Dark Blue,#0020A0,TRUE,277
2009,Dark Brown,#352100,FALSE,218
2009,Trans-Black,#635F52,TRUE,205
2009,Trans-Green,#84B68D,TRUE,176
2009,Trans-Neon Orange,#FF800D,TRUE,174
2009,Metallic Silver,#A5A9B4,FALSE,146
2009,Trans-Neon Green,#F8F184,TRUE,135
2009,Trans-Light Blue,#AEEFEC,TRUE,115
2009,Bright Light Orange,#F8BB3D,FALSE,91
2009,Light Flesh,#F6D7B3,FALSE,85
2009,Very Light Bluish Gray,#E6E3E0,FALSE,78
2009,Bright Pink,#E4ADC8,FALSE,66
2009,Metallic Gold,#DBAC34,FALSE,52
2009,Bright Green,#4B9F4A,FALSE,50
2009,[No Color],#05131D,FALSE,48
2009,Dark Pink,#C870A0,FALSE,48
2009,Pearl Dark Gray,#575857,FALSE,37
2009,Chrome Gold,#BBA53D,FALSE,35
2009,Sand Green,#A0BCAC,FALSE,35
2009,Flat Silver,#898788,FALSE,27
2009,Dark Orange,#A95500,FALSE,24
2009,Trans-Purple,#A5A5CB,TRUE,22
2009,Trans-Dark Pink,#DF6695,TRUE,20
2009,Chrome Silver,#E0E0E0,FALSE,17
2009,Magenta,#923978,FALSE,17
2009,Copper,#AE7A59,FALSE,11
2009,Trans-Medium Blue,#CFE2F7,TRUE,11
2009,Flesh,#D09168,FALSE,10
2009,Light Gray,#9BA19D,FALSE,10
2009,Royal Blue,#4C61DB,FALSE,9
2009,Bright Light Yellow,#FFF03A,FALSE,8
2009,Speckle Black-Silver,#000000,FALSE,8
2009,Sand Blue,#6074A1,FALSE,7
2009,Bright Light Blue,#9FC3E9,FALSE,6
2009,Chrome Black,#1B2A34,FALSE,3
2009,Dark Purple,#3F3691,FALSE,3
2009,Glow In Dark Opaque,#D4D5C9,FALSE,2
2010,Black,#05131D,FALSE,15560
2010,Light Bluish Gray,#A0A5A9,FALSE,12776
2010,White,#FFFFFF,FALSE,12537
2010,Dark Bluish Gray,#6C6E68,FALSE,10121
2010,Red,#C91A09,FALSE,7474
2010,Tan,#E4CD9E,FALSE,5595
2010,Blue,#0055BF,FALSE,5329
2010,Yellow,#F2CD37,FALSE,4937
2010,Reddish Brown,#582A12,FALSE,3000
2010,Green,#237841,FALSE,2460
2010,Lime,#BBE90B,FALSE,1843
2010,Orange,#FE8A18,FALSE,1649
2010,Trans-Clear,#FCFCFC,TRUE,1056
2010,Medium Blue,#5A93DB,FALSE,939
2010,Trans-Red,#C91A09,TRUE,843
2010,Dark Red,#720E0F,FALSE,754
2010,Pearl Gold,#AA7F2E,FALSE,697
2010,Dark Blue,#0A3463,FALSE,664
2010,Dark Tan,#958A73,FALSE,612
2010,Dark Green,#184632,FALSE,450
2010,Dark Brown,#352100,FALSE,438
2010,Trans-Yellow,#F5CD2F,TRUE,415
2010,Trans-Orange,#F08F1C,TRUE,367
2010,Trans-Light Blue,#AEEFEC,TRUE,366
2010,Dark Pink,#C870A0,FALSE,361
2010,Trans-Dark Blue,#0020A0,TRUE,335
2010,Trans-Black,#635F52,TRUE,299
2010,Medium Dark Flesh,#CC702A,FALSE,294
2010,Pearl Light Gray,#9CA3A8,FALSE,255
2010,Bright Green,#4B9F4A,FALSE,220
2010,Trans-Neon Orange,#FF800D,TRUE,200
2010,Trans-Green,#84B68D,TRUE,188
2010,Bright Pink,#E4ADC8,FALSE,167
2010,Maersk Blue,#3592C3,FALSE,166
2010,Sand Green,#A0BCAC,FALSE,163
2010,Dark Orange,#A95500,FALSE,151
2010,Magenta,#923978,FALSE,149
2010,Metallic Silver,#A5A9B4,FALSE,148
2010,Flat Silver,#898788,FALSE,140
2010,Trans-Dark Pink,#DF6695,TRUE,110
2010,Light Flesh,#F6D7B3,FALSE,104
2010,Dark Purple,#3F3691,FALSE,102
2010,Bright Light Orange,#F8BB3D,FALSE,93
2010,Trans-Purple,#A5A5CB,TRUE,82
2010,Trans-Bright Green,#D9E4A7,TRUE,66
2010,Trans-Neon Green,#F8F184,TRUE,64
2010,Pearl Dark Gray,#575857,FALSE,61
2010,[No Color],#05131D,FALSE,43
2010,Chrome Silver,#E0E0E0,FALSE,37
2010,Chrome Gold,#BBA53D,FALSE,36
2010,Glitter Trans-Dark Pink,#DF6695,TRUE,30
2010,Metallic Gold,#DBAC34,FALSE,21
2010,Bright Light Blue,#9FC3E9,FALSE,18
2010,Bright Light Yellow,#FFF03A,FALSE,11
2010,Flesh,#D09168,FALSE,11
2010,Sand Blue,#6074A1,FALSE,7
2010,Trans-Medium Blue,#CFE2F7,TRUE,6
2010,Very Light Bluish Gray,#E6E3E0,FALSE,6
2010,Dark Flesh,#7C503A,FALSE,5
2010,Medium Azure,#36AEBF,FALSE,4
2010,Royal Blue,#4C61DB,FALSE,4
2010,Speckle Black-Silver,#000000,FALSE,3
2010,Glow In Dark Opaque,#D4D5C9,FALSE,2
2010,Speckle Black-Gold,#000000,FALSE,2
2010,Glow In Dark Trans,#BDC6AD,TRUE,1
2010,Light Gray,#9BA19D,FALSE,1
2010,Unknown,#0033B2,FALSE,1
2011,Black,#05131D,FALSE,15572
2011,Light Bluish Gray,#A0A5A9,FALSE,12814
2011,Dark Bluish Gray,#6C6E68,FALSE,8917
2011,White,#FFFFFF,FALSE,8868
2011,Red,#C91A09,FALSE,6007
2011,Reddish Brown,#582A12,FALSE,3877
2011,Blue,#0055BF,FALSE,3615
2011,Yellow,#F2CD37,FALSE,3592
2011,Tan,#E4CD9E,FALSE,3186
2011,Dark Red,#720E0F,FALSE,1989
2011,Green,#237841,FALSE,1417
2011,Trans-Clear,#FCFCFC,TRUE,1134
2011,Dark Tan,#958A73,FALSE,1059
2011,Pearl Gold,#AA7F2E,FALSE,868
2011,Lime,#BBE90B,FALSE,801
2011,Orange,#FE8A18,FALSE,798
2011,Trans-Red,#C91A09,TRUE,613
2011,Medium Blue,#5A93DB,FALSE,505
2011,Dark Blue,#0A3463,FALSE,500
2011,Dark Purple,#3F3691,FALSE,475
2011,Dark Green,#184632,FALSE,465
2011,Trans-Yellow,#F5CD2F,TRUE,376
2011,Trans-Dark Blue,#0020A0,TRUE,374
2011,Dark Brown,#352100,FALSE,356
2011,Trans-Light Blue,#AEEFEC,TRUE,329
2011,Trans-Orange,#F08F1C,TRUE,296
2011,Flat Silver,#898788,FALSE,290
2011,Sand Green,#A0BCAC,FALSE,261
2011,Maersk Blue,#3592C3,FALSE,238
2011,Sand Blue,#6074A1,FALSE,220
2011,Dark Orange,#A95500,FALSE,218
2011,[No Color],#05131D,FALSE,207
2011,Trans-Neon Orange,#FF800D,TRUE,182
2011,Trans-Black,#635F52,TRUE,174
2011,Pearl Dark Gray,#575857,FALSE,167
2011,Trans-Green,#84B68D,TRUE,165
2011,Bright Green,#4B9F4A,FALSE,149
2011,Bright Pink,#E4ADC8,FALSE,134
2011,Trans-Neon Green,#F8F184,TRUE,132
2011,Metallic Silver,#A5A9B4,FALSE,123
2011,Light Flesh,#F6D7B3,FALSE,112
2011,Bright Light Orange,#F8BB3D,FALSE,80
2011,Light Aqua,#ADC3C0,FALSE,67
2011,Trans-Medium Blue,#CFE2F7,TRUE,56
2011,Pearl Light Gray,#9CA3A8,FALSE,50
2011,Chrome Gold,#BBA53D,FALSE,49
2011,Metallic Gold,#DBAC34,FALSE,39
2011,Dark Azure,#078BC9,FALSE,38
2011,Medium Dark Flesh,#CC702A,FALSE,35
2011,Magenta,#923978,FALSE,29
2011,Brown,#583927,FALSE,28
2011,Glow In Dark Trans,#BDC6AD,TRUE,25
2011,Dark Pink,#C870A0,FALSE,21
2011,Chrome Silver,#E0E0E0,FALSE,19
2011,Speckle Black-Silver,#000000,FALSE,18
2011,Bright Light Blue,#9FC3E9,FALSE,17
2011,Trans-Bright Green,#D9E4A7,TRUE,14
2011,Trans-Purple,#A5A5CB,TRUE,12
2011,Bright Light Yellow,#FFF03A,FALSE,9
2011,Trans-Dark Pink,#DF6695,TRUE,6
2011,Light Green,#C2DAB8,FALSE,3
2011,Royal Blue,#4C61DB,FALSE,3
2011,Speckle Black-Gold,#000000,FALSE,3
2011,Copper,#AE7A59,FALSE,2
2011,Flesh,#D09168,FALSE,2
2011,Glow In Dark Opaque,#D4D5C9,FALSE,1
2011,Lavender,#E1D5ED,FALSE,1
2011,Light Gray,#9BA19D,FALSE,1
2011,Milky White,#FFFFFF,FALSE,1
2011,Unknown,#0033B2,FALSE,1
2011,Very Light Bluish Gray,#E6E3E0,FALSE,1
2012,Light Bluish Gray,#A0A5A9,FALSE,16249
2012,Black,#05131D,FALSE,15051
2012,Dark Bluish Gray,#6C6E68,FALSE,10461
2012,White,#FFFFFF,FALSE,9185
2012,Red,#C91A09,FALSE,6011
2012,Reddish Brown,#582A12,FALSE,4247
2012,Yellow,#F2CD37,FALSE,4020
2012,Blue,#0055BF,FALSE,3991
2012,Tan,#E4CD9E,FALSE,3292
2012,Green,#237841,FALSE,2158
2012,Lime,#BBE90B,FALSE,1457
2012,Dark Tan,#958A73,FALSE,1398
2012,Dark Red,#720E0F,FALSE,1379
2012,Orange,#FE8A18,FALSE,1243
2012,Trans-Clear,#FCFCFC,TRUE,1156
2012,Medium Blue,#5A93DB,FALSE,946
2012,Pearl Gold,#AA7F2E,FALSE,922
2012,Dark Green,#184632,FALSE,812
2012,Dark Blue,#0A3463,FALSE,802
2012,Dark Brown,#352100,FALSE,725
2012,Dark Orange,#A95500,FALSE,647
2012,Trans-Red,#C91A09,TRUE,626
2012,Sand Green,#A0BCAC,FALSE,551
2012,Trans-Orange,#F08F1C,TRUE,528
2012,Flat Silver,#898788,FALSE,465
2012,Bright Pink,#E4ADC8,FALSE,464
2012,Bright Green,#4B9F4A,FALSE,459
2012,Trans-Light Blue,#AEEFEC,TRUE,428
2012,Trans-Black,#635F52,TRUE,342
2012,Dark Pink,#C870A0,FALSE,332
2012,Trans-Yellow,#F5CD2F,TRUE,325
2012,Pearl Dark Gray,#575857,FALSE,306
2012,Dark Purple,#3F3691,FALSE,283
2012,Trans-Dark Blue,#0020A0,TRUE,269
2012,Medium Dark Flesh,#CC702A,FALSE,257
2012,Bright Light Orange,#F8BB3D,FALSE,230
2012,Trans-Neon Green,#F8F184,TRUE,229
2012,Medium Lavender,#AC78BA,FALSE,224
2012,[No Color],#05131D,FALSE,217
2012,Light Flesh,#F6D7B3,FALSE,211
2012,Medium Azure,#36AEBF,FALSE,211
2012,Trans-Green,#84B68D,TRUE,208
2012,Metallic Silver,#A5A9B4,FALSE,163
2012,Trans-Neon Orange,#FF800D,TRUE,163
2012,Olive Green,#9B9A5A,FALSE,88
2012,Magenta,#923978,FALSE,84
2012,Light Aqua,#ADC3C0,FALSE,82
2012,Trans-Medium Blue,#CFE2F7,TRUE,67
2012,Trans-Bright Green,#D9E4A7,TRUE,60
2012,Bright Light Blue,#9FC3E9,FALSE,58
2012,Glow in Dark White,#D9D9D9,FALSE,50
2012,Trans-Dark Pink,#DF6695,TRUE,38
2012,Bright Light Yellow,#FFF03A,FALSE,37
2012,Trans-Purple,#A5A5CB,TRUE,35
2012,Sand Blue,#6074A1,FALSE,34
2012,Pearl Light Gray,#9CA3A8,FALSE,27
2012,Brown,#583927,FALSE,23
2012,Lavender,#E1D5ED,FALSE,22
2012,Metallic Gold,#DBAC34,FALSE,16
2012,Chrome Gold,#BBA53D,FALSE,14
2012,Chrome Silver,#E0E0E0,FALSE,6
2012,Speckle Black-Silver,#000000,FALSE,6
2012,Yellowish Green,#DFEEA5,FALSE,5
2012,Dark Azure,#078BC9,FALSE,4
2012,Unknown,#0033B2,FALSE,3
2012,Copper,#AE7A59,FALSE,2
2012,Earth Orange,#FA9C1C,FALSE,1
2012,Glitter Trans-Dark Pink,#DF6695,TRUE,1
2012,Purple,#81007B,FALSE,1
2012,Royal Blue,#4C61DB,FALSE,1
2013,Black,#05131D,FALSE,20807
2013,Light Bluish Gray,#A0A5A9,FALSE,15599
2013,White,#FFFFFF,FALSE,11380
2013,Dark Bluish Gray,#6C6E68,FALSE,11262
2013,Red,#C91A09,FALSE,6779
2013,Blue,#0055BF,FALSE,4866
2013,Reddish Brown,#582A12,FALSE,4835
2013,Tan,#E4CD9E,FALSE,4689
2013,Yellow,#F2CD37,FALSE,4493
2013,Dark Tan,#958A73,FALSE,2748
2013,Green,#237841,FALSE,2178
2013,Dark Red,#720E0F,FALSE,1653
2013,Lime,#BBE90B,FALSE,1461
2013,Orange,#FE8A18,FALSE,1440
2013,Trans-Light Blue,#AEEFEC,TRUE,1280
2013,Trans-Clear,#FCFCFC,TRUE,1171
2013,Pearl Gold,#AA7F2E,FALSE,984
2013,Dark Brown,#352100,FALSE,919
2013,Trans-Red,#C91A09,TRUE,843
2013,Flat Silver,#898788,FALSE,837
2013,Dark Blue,#0A3463,FALSE,801
2013,Dark Green,#184632,FALSE,761
2013,Trans-Black,#635F52,TRUE,730
2013,Bright Light Orange,#F8BB3D,FALSE,655
2013,Olive Green,#9B9A5A,FALSE,560
2013,Trans-Orange,#F08F1C,TRUE,515
2013,Trans-Yellow,#F5CD2F,TRUE,465
2013,Medium Blue,#5A93DB,FALSE,447
2013,Trans-Dark Blue,#0020A0,TRUE,444
2013,Bright Pink,#E4ADC8,FALSE,426
2013,Bright Green,#4B9F4A,FALSE,380
2013,Dark Pink,#C870A0,FALSE,369
2013,Chrome Gold,#BBA53D,FALSE,328
2013,Pearl Dark Gray,#575857,FALSE,301
2013,Dark Azure,#078BC9,FALSE,291
2013,Dark Purple,#3F3691,FALSE,261
2013,Trans-Neon Green,#F8F184,TRUE,247
2013,Medium Azure,#36AEBF,FALSE,242
2013,Dark Orange,#A95500,FALSE,237
2013,Metallic Silver,#A5A9B4,FALSE,227
2013,Medium Dark Flesh,#CC702A,FALSE,215
2013,Light Flesh,#F6D7B3,FALSE,203
2013,[No Color],#05131D,FALSE,166
2013,Trans-Green,#84B68D,TRUE,165
2013,Magenta,#923978,FALSE,164
2013,Medium Lavender,#AC78BA,FALSE,145
2013,Trans-Dark Pink,#DF6695,TRUE,115
2013,Trans-Neon Orange,#FF800D,TRUE,107
2013,Trans-Purple,#A5A5CB,TRUE,106
2013,Trans-Bright Green,#D9E4A7,TRUE,71
2013,Sand Green,#A0BCAC,FALSE,68
2013,Bright Light Yellow,#FFF03A,FALSE,67
2013,Bright Light Blue,#9FC3E9,FALSE,58
2013,Trans-Medium Blue,#CFE2F7,TRUE,48
2013,Metallic Gold,#DBAC34,FALSE,28
2013,Lavender,#E1D5ED,FALSE,27
2013,Chrome Silver,#E0E0E0,FALSE,23
2013,Light Aqua,#ADC3C0,FALSE,19
2013,Sand Blue,#6074A1,FALSE,14
2013,Pearl Light Gray,#9CA3A8,FALSE,8
2013,Glow in Dark White,#D9D9D9,FALSE,6
2013,Light Lime,#D9E4A7,FALSE,5
2013,Very Light Bluish Gray,#E6E3E0,FALSE,3
2013,Unknown,#0033B2,FALSE,2
2013,Aqua,#B3D7D1,FALSE,1
2013,Dark Flesh,#7C503A,FALSE,1
2013,Speckle Black-Silver,#000000,FALSE,1
2014,Black,#05131D,FALSE,23056
2014,Light Bluish Gray,#A0A5A9,FALSE,19806
2014,Dark Bluish Gray,#6C6E68,FALSE,13708
2014,White,#FFFFFF,FALSE,11169
2014,Reddish Brown,#582A12,FALSE,6289
2014,Red,#C91A09,FALSE,6262
2014,Blue,#0055BF,FALSE,5700
2014,Tan,#E4CD9E,FALSE,5078
2014,Yellow,#F2CD37,FALSE,4337
2014,Green,#237841,FALSE,2034
2014,Orange,#FE8A18,FALSE,1829
2014,Trans-Light Blue,#AEEFEC,TRUE,1793
2014,Pearl Gold,#AA7F2E,FALSE,1624
2014,Flat Silver,#898788,FALSE,1539
2014,Lime,#BBE90B,FALSE,1467
2014,Trans-Clear,#FCFCFC,TRUE,1466
2014,Dark Tan,#958A73,FALSE,1327
2014,Trans-Red,#C91A09,TRUE,1239
2014,Dark Red,#720E0F,FALSE,1058
2014,Dark Brown,#352100,FALSE,814
2014,Dark Blue,#0A3463,FALSE,809
2014,Olive Green,#9B9A5A,FALSE,807
2014,Medium Azure,#36AEBF,FALSE,795
2014,Bright Pink,#E4ADC8,FALSE,734
2014,Dark Green,#184632,FALSE,703
2014,Trans-Orange,#F08F1C,TRUE,693
2014,Bright Light Orange,#F8BB3D,FALSE,692
2014,Trans-Yellow,#F5CD2F,TRUE,621
2014,Medium Blue,#5A93DB,FALSE,566
2014,Medium Dark Flesh,#CC702A,FALSE,512
2014,Dark Pink,#C870A0,FALSE,501
2014,Bright Green,#4B9F4A,FALSE,495
2014,Dark Purple,#3F3691,FALSE,484
2014,Magenta,#923978,FALSE,453
2014,Trans-Dark Blue,#0020A0,TRUE,443
2014,Dark Orange,#A95500,FALSE,389
2014,Trans-Black,#635F52,TRUE,386
2014,Trans-Neon Orange,#FF800D,TRUE,377
2014,Medium Lavender,#AC78BA,FALSE,353
2014,Sand Green,#A0BCAC,FALSE,296
2014,Pearl Dark Gray,#575857,FALSE,268
2014,Trans-Bright Green,#D9E4A7,TRUE,226
2014,Trans-Green,#84B68D,TRUE,209
2014,Light Flesh,#F6D7B3,FALSE,199
2014,Metallic Silver,#A5A9B4,FALSE,190
2014,Trans-Neon Green,#F8F184,TRUE,172
2014,Sand Blue,#6074A1,FALSE,167
2014,Dark Azure,#078BC9,FALSE,158
2014,Bright Light Yellow,#FFF03A,FALSE,121
2014,Bright Light Blue,#9FC3E9,FALSE,94
2014,Glow in Dark White,#D9D9D9,FALSE,79
2014,Light Aqua,#ADC3C0,FALSE,75
2014,Trans-Dark Pink,#DF6695,TRUE,74
2014,Lavender,#E1D5ED,FALSE,59
2014,[No Color],#05131D,FALSE,50
2014,Flesh,#D09168,FALSE,32
2014,Trans-Medium Blue,#CFE2F7,TRUE,32
2014,Trans-Purple,#A5A5CB,TRUE,21
2014,Chrome Silver,#E0E0E0,FALSE,20
2014,Chrome Gold,#BBA53D,FALSE,18
2014,Yellowish Green,#DFEEA5,FALSE,17
2014,Metallic Gold,#DBAC34,FALSE,8
2014,Light Gray,#9BA19D,FALSE,4
2014,Pearl Light Gray,#9CA3A8,FALSE,4
2014,Unknown,#0033B2,FALSE,4
2014,Dark Gray,#6D6E5C,FALSE,2
2014,Light Yellow,#FBE696,FALSE,2
2015,Black,#05131D,FALSE,24795
2015,Light Bluish Gray,#A0A5A9,FALSE,22183
2015,Dark Bluish Gray,#6C6E68,FALSE,16341
2015,White,#FFFFFF,FALSE,12672
2015,Red,#C91A09,FALSE,6719
2015,Blue,#0055BF,FALSE,5656
2015,Tan,#E4CD9E,FALSE,4844
2015,Yellow,#F2CD37,FALSE,4629
2015,Reddish Brown,#582A12,FALSE,4437
2015,Dark Blue,#0A3463,FALSE,2084
2015,Trans-Light Blue,#AEEFEC,TRUE,2048
2015,Green,#237841,FALSE,2044
2015,Dark Tan,#958A73,FALSE,2001
2015,Pearl Gold,#AA7F2E,FALSE,1956
2015,Trans-Clear,#FCFCFC,TRUE,1922
2015,Dark Red,#720E0F,FALSE,1660
2015,Flat Silver,#898788,FALSE,1548
2015,Orange,#FE8A18,FALSE,1418
2015,Lime,#BBE90B,FALSE,1210
2015,Bright Light Orange,#F8BB3D,FALSE,1153
2015,Trans-Red,#C91A09,TRUE,1109
2015,Trans-Orange,#F08F1C,TRUE,1046
2015,Dark Purple,#3F3691,FALSE,1039
2015,Medium Azure,#36AEBF,FALSE,1001
2015,Dark Green,#184632,FALSE,895
2015,Magenta,#923978,FALSE,795
2015,Medium Blue,#5A93DB,FALSE,699
2015,Dark Brown,#352100,FALSE,684
2015,Trans-Yellow,#F5CD2F,TRUE,650
2015,Bright Green,#4B9F4A,FALSE,614
2015,Medium Dark Flesh,#CC702A,FALSE,592
2015,Medium Lavender,#AC78BA,FALSE,576
2015,Dark Orange,#A95500,FALSE,574
2015,Trans-Black,#635F52,TRUE,558
2015,Bright Pink,#E4ADC8,FALSE,556
2015,Dark Pink,#C870A0,FALSE,486
2015,Trans-Neon Green,#F8F184,TRUE,473
2015,Trans-Dark Blue,#0020A0,TRUE,464
2015,Pearl Dark Gray,#575857,FALSE,349
2015,Yellowish Green,#DFEEA5,FALSE,336
2015,Lavender,#E1D5ED,FALSE,310
2015,Light Flesh,#F6D7B3,FALSE,284
2015,Trans-Bright Green,#D9E4A7,TRUE,269
2015,Sand Green,#A0BCAC,FALSE,267
2015,Trans-Green,#84B68D,TRUE,237
2015,Trans-Dark Pink,#DF6695,TRUE,217
2015,Olive Green,#9B9A5A,FALSE,202
2015,Trans-Purple,#A5A5CB,TRUE,163
2015,Dark Azure,#078BC9,FALSE,143
2015,Trans-Neon Orange,#FF800D,TRUE,137
2015,Bright Light Yellow,#FFF03A,FALSE,131
2015,Bright Light Blue,#9FC3E9,FALSE,116
2015,Sand Blue,#6074A1,FALSE,105
2015,Light Aqua,#ADC3C0,FALSE,86
2015,Metallic Silver,#A5A9B4,FALSE,81
2015,Trans-Medium Blue,#CFE2F7,TRUE,77
2015,Glow in Dark White,#D9D9D9,FALSE,43
2015,[No Color],#05131D,FALSE,40
2015,Light Gray,#9BA19D,FALSE,35
2015,Metallic Gold,#DBAC34,FALSE,34
2015,Chrome Gold,#BBA53D,FALSE,14
2015,Glitter Trans-Purple,#A5A5CB,TRUE,12
2015,Chrome Silver,#E0E0E0,FALSE,8
2015,Flesh,#D09168,FALSE,6
2015,Glitter Trans-Light Blue,#68BCC5,TRUE,6
2015,Glitter Trans-Neon Green,#C0F500,TRUE,6
2015,Glitter Trans-Clear,#FFFFFF,TRUE,3
2015,Brown,#583927,FALSE,2
2015,Dark Flesh,#7C503A,FALSE,2
2015,Dark Gray,#6D6E5C,FALSE,1
2015,Dark Turquoise,#008F9B,FALSE,1
2016,Black,#05131D,FALSE,26959
2016,Light Bluish Gray,#A0A5A9,FALSE,24887
2016,Dark Bluish Gray,#6C6E68,FALSE,18581
2016,White,#FFFFFF,FALSE,14166
2016,Tan,#E4CD9E,FALSE,7892
2016,Red,#C91A09,FALSE,7102
2016,Blue,#0055BF,FALSE,6636
2016,Reddish Brown,#582A12,FALSE,6237
2016,Yellow,#F2CD37,FALSE,5844
2016,Dark Tan,#958A73,FALSE,2945
2016,Pearl Gold,#AA7F2E,FALSE,2337
2016,Green,#237841,FALSE,2252
2016,Trans-Clear,#FCFCFC,TRUE,1908
2016,Flat Silver,#898788,FALSE,1771
2016,Dark Red,#720E0F,FALSE,1621
2016,Orange,#FE8A18,FALSE,1534
2016,Lime,#BBE90B,FALSE,1526
2016,Dark Blue,#0A3463,FALSE,1284
2016,Trans-Light Blue,#AEEFEC,TRUE,1243
2016,Trans-Orange,#F08F1C,TRUE,1209
2016,Bright Light Orange,#F8BB3D,FALSE,1137
2016,Medium Dark Flesh,#CC702A,FALSE,1130
2016,Trans-Red,#C91A09,TRUE,1074
2016,Trans-Black,#635F52,TRUE,958
2016,Medium Azure,#36AEBF,FALSE,852
2016,Dark Brown,#352100,FALSE,751
2016,Magenta,#923978,FALSE,748
2016,Dark Purple,#3F3691,FALSE,747
2016,Trans-Neon Orange,#FF800D,TRUE,698
2016,Bright Green,#4B9F4A,FALSE,632
2016,Trans-Yellow,#F5CD2F,TRUE,631
2016,Dark Green,#184632,FALSE,579
2016,Dark Orange,#A95500,FALSE,544
2016,Dark Azure,#078BC9,FALSE,526
2016,Trans-Dark Blue,#0020A0,TRUE,512
2016,Medium Lavender,#AC78BA,FALSE,465
2016,Bright Pink,#E4ADC8,FALSE,438
2016,Dark Pink,#C870A0,FALSE,424
2016,Sand Green,#A0BCAC,FALSE,391
2016,Trans-Neon Green,#F8F184,TRUE,383
2016,Medium Blue,#5A93DB,FALSE,376
2016,Sand Blue,#6074A1,FALSE,344
2016,Light Flesh,#F6D7B3,FALSE,335
2016,Trans-Dark Pink,#DF6695,TRUE,314
2016,Trans-Green,#84B68D,TRUE,306
2016,Lavender,#E1D5ED,FALSE,305
2016,Trans-Bright Green,#D9E4A7,TRUE,271
2016,Pearl Dark Gray,#575857,FALSE,235
2016,Olive Green,#9B9A5A,FALSE,224
2016,Light Aqua,#ADC3C0,FALSE,165
2016,Trans-Purple,#A5A5CB,TRUE,143
2016,Bright Light Blue,#9FC3E9,FALSE,131
2016,Bright Light Yellow,#FFF03A,FALSE,89
2016,[No Color],#05131D,FALSE,86
2016,Yellowish Green,#DFEEA5,FALSE,71
2016,Metallic Silver,#A5A9B4,FALSE,67
2016,Trans-Medium Blue,#CFE2F7,TRUE,59
2016,Flesh,#D09168,FALSE,22
2016,Glitter Trans-Purple,#A5A5CB,TRUE,13
2016,Chrome Gold,#BBA53D,FALSE,10
2016,Metallic Gold,#DBAC34,FALSE,9
2016,Aqua,#B3D7D1,FALSE,6
2016,Glitter Trans-Light Blue,#68BCC5,TRUE,5
2016,Chrome Silver,#E0E0E0,FALSE,4
2016,Dark Gray,#6D6E5C,FALSE,4
2016,Glitter Trans-Clear,#FFFFFF,TRUE,2
2016,Glitter Trans-Neon Green,#C0F500,TRUE,2
2016,Glow in Dark White,#D9D9D9,FALSE,2
2016,Light Blue,#B4D2E3,FALSE,2
2016,Light Purple,#CD6298,FALSE,2
2016,Light Yellow,#FBE696,FALSE,1
2016,Pearl Light Gray,#9CA3A8,FALSE,1
2016,Purple,#81007B,FALSE,1
2017,Black,#05131D,FALSE,14533
2017,Light Bluish Gray,#A0A5A9,FALSE,12267
2017,White,#FFFFFF,FALSE,8830
2017,Dark Bluish Gray,#6C6E68,FALSE,8774
2017,Red,#C91A09,FALSE,3401
2017,Tan,#E4CD9E,FALSE,3306
2017,Blue,#0055BF,FALSE,3074
2017,Reddish Brown,#582A12,FALSE,3043
2017,Yellow,#F2CD37,FALSE,1956
2017,Green,#237841,FALSE,1260
2017,Dark Tan,#958A73,FALSE,983
2017,Dark Blue,#0A3463,FALSE,969
2017,Dark Red,#720E0F,FALSE,967
2017,Trans-Clear,#FCFCFC,TRUE,952
2017,Trans-Light Blue,#AEEFEC,TRUE,922
2017,Flat Silver,#898788,FALSE,891
2017,Pearl Gold,#AA7F2E,FALSE,890
2017,Orange,#FE8A18,FALSE,851
2017,Medium Dark Flesh,#CC702A,FALSE,831
2017,Lime,#BBE90B,FALSE,680
2017,Dark Purple,#3F3691,FALSE,670
2017,Medium Blue,#5A93DB,FALSE,618
2017,Trans-Red,#C91A09,TRUE,569
2017,Bright Light Orange,#F8BB3D,FALSE,551
2017,Medium Azure,#36AEBF,FALSE,512
2017,Dark Brown,#352100,FALSE,477
2017,Trans-Yellow,#F5CD2F,TRUE,462
2017,Dark Green,#184632,FALSE,406
2017,Trans-Orange,#F08F1C,TRUE,365
2017,Trans-Black,#635F52,TRUE,322
2017,Dark Azure,#078BC9,FALSE,296
2017,Magenta,#923978,FALSE,255
2017,Dark Pink,#C870A0,FALSE,253
2017,Dark Orange,#A95500,FALSE,244
2017,Bright Green,#4B9F4A,FALSE,235
2017,Sand Blue,#6074A1,FALSE,233
2017,Pearl Dark Gray,#575857,FALSE,227
2017,Trans-Neon Orange,#FF800D,TRUE,215
2017,Medium Lavender,#AC78BA,FALSE,209
2017,Sand Green,#A0BCAC,FALSE,201
2017,Light Flesh,#F6D7B3,FALSE,186
2017,Bright Pink,#E4ADC8,FALSE,177
2017,Trans-Dark Blue,#0020A0,TRUE,159
2017,Olive Green,#9B9A5A,FALSE,150
2017,Bright Light Blue,#9FC3E9,FALSE,145
2017,Trans-Dark Pink,#DF6695,TRUE,134
2017,Yellowish Green,#DFEEA5,FALSE,131
2017,Lavender,#E1D5ED,FALSE,125
2017,Trans-Purple,#A5A5CB,TRUE,122
2017,Trans-Green,#84B68D,TRUE,108
2017,Light Aqua,#ADC3C0,FALSE,106
2017,Trans-Bright Green,#D9E4A7,TRUE,99
2017,Trans-Neon Green,#F8F184,TRUE,65
2017,Bright Light Yellow,#FFF03A,FALSE,60
2017,Unknown,#0033B2,FALSE,41
2017,[No Color],#05131D,FALSE,30
2017,Metallic Silver,#A5A9B4,FALSE,29
2017,Metallic Gold,#DBAC34,FALSE,25
2017,Flesh,#D09168,FALSE,20
2017,Trans-Medium Blue,#CFE2F7,TRUE,19
2017,Brown,#583927,FALSE,17
2017,Glitter Trans-Light Blue,#68BCC5,TRUE,14
2017,Light Gray,#9BA19D,FALSE,7
2017,Glow in Dark White,#D9D9D9,FALSE,4
2017,Aqua,#B3D7D1,FALSE,1
2017,Copper,#AE7A59,FALSE,1
2017,Dark Turquoise,#008F9B,FALSE,1
2017,Trans-Light Purple,#96709F,TRUE,1
